id,name,deepbias_detected,deep_label,prob_unif,prob_centre,prob_disc,prob_bounds,prob_gaps_clusters,status
70797634-5d6b-464a-9734-3a501eb7dc77,HybridPSODE,True,bounds,0.45489717,0.10649346,0.022640815,0.2431782,0.17279033,ok
ad6c334a-5a5a-47a2-b578-cf11c854b31d,PSODEOptimizer,False,unif,0.73981607,0.12515695,0.06107871,0.008499305,0.065448955,ok
f38093c7-9080-4d28-8f47-06d79b1b3448,PSODEOptimizer,False,unif,0.73981607,0.12515695,0.06107871,0.008499305,0.065448955,ok
c3455235-b436-435f-8051-1a06b97c886b,PSODEOptimizer,False,unif,0.73981607,0.12515695,0.06107871,0.008499305,0.065448955,ok
a0d50611-5db0-4178-a068-4287a9071533,PSODEOptimizer,False,unif,0.73981607,0.12515695,0.06107871,0.008499305,0.065448955,ok
fcdc43ea-a111-4aed-98a7-2bf277674b3d,PSODEOptimizer,False,unif,0.71269834,0.12782624,0.085714065,0.0075762244,0.06618516,ok
754b73e0-cd86-479d-847c-bede09b08b65,PSODEOptimizer,False,unif,0.73981607,0.12515695,0.06107871,0.008499305,0.065448955,ok
b91fe5be-75dc-41d5-bab3-e603db9f8200,PSODEOptimizer,False,unif,0.71163553,0.11905034,0.069323175,0.010578247,0.08941269,ok
25beab1a-7ecb-4643-872c-27fa1ba8b8d9,PSODEOptimizer,False,unif,0.7129542,0.14538439,0.054767244,0.014060946,0.072833195,ok
b5cd34c1-1aa8-4b3f-9487-f066c5cc395a,PSODEOptimizer,False,unif,0.72271556,0.14227626,0.05012235,0.013283176,0.07160272,ok
9efd43af-22e0-4c76-8d2a-bd31164d6170,PSODEOptimizer,False,unif,0.69820994,0.13930722,0.080196545,0.012668195,0.06961811,ok
369899ce-f696-4b98-b57e-32cd7817a175,PSODEOptimizer,False,unif,0.72271556,0.14227626,0.05012235,0.013283176,0.07160272,ok
f47334bd-ddf6-4ffa-8a8d-23404c6f4446,PSODEOptimizer,False,unif,0.70828027,0.14205459,0.06259978,0.014503455,0.07256189,ok
46babf2e-c389-4bc6-a074-ff1fc5afdb54,PSODEOptimizer,False,unif,0.71184695,0.13028589,0.07119286,0.012514599,0.07415975,ok
52435cec-45f7-4097-b246-a1878067dc3b,PSODEOptimizer,False,unif,0.71184695,0.13028589,0.07119286,0.012514599,0.07415975,ok
5fb17cfa-85dd-43b8-9436-e38d8d2701c3,PSODEOptimizer,False,unif,0.72271556,0.14227626,0.05012235,0.013283176,0.07160272,ok
833e5b19-874c-403c-a8fb-1760556e2eff,PSODEOptimizer,False,unif,0.71468145,0.08589625,0.09589411,0.014944306,0.088583894,ok
cb122a3e-bf9f-4a4e-8e03-da0467b5f0a2,HybridPSOSA,True,bounds,0.18218276,7.598631e-05,0.11513547,0.6514231,0.0511828,ok
a1faeca0-7149-4d90-8aab-124262fbc4b5,EnhancedChaoticDifferentialEvolution,True,gaps/clusters,1.1230601e-10,5.721518e-05,6.263472e-11,0.00030833195,0.99963444,ok
dcd022b6-5a51-41df-8ed5-23f250309c4c,AdvancedMultiSwarmHybridOptimizer,True,gaps/clusters,1.7244972e-10,4.2432363e-05,1.5842921e-10,0.19428769,0.8056699,ok
5588e7fc-835d-427f-b11f-90d8010fa1fd,DynamicSwarmOptimizer,False,unif,0.752158,0.05079959,0.110199116,0.01772891,0.06911439,ok
88883cf7-b70d-4b98-85af-b2629ce7a1f2,HybridSimulatedAnnealingPSO,True,gaps/clusters,7.820697e-13,0.00020124768,3.0971248e-10,2.8270448e-09,0.99979866,ok
353d3d71-9e97-47c0-8f25-59c190e89fad,EnhancedDynamicSwarmOptimizer,False,unif,0.7426636,0.09737934,0.07801401,0.007905747,0.07403728,ok
417c05b0-8768-4ae6-b978-628fe601f114,DynamicSwarmOptimizer,False,unif,0.55836475,0.016328514,0.1844086,0.16069393,0.0802042,ok
fb1d2f13-084d-4440-989d-ad8934c05ae7,DynamicSwarmOptimizer,True,gaps/clusters,4.8322963e-09,0.32530892,5.3384797e-11,1.4524212e-21,0.6746911,ok
475c683b-1e84-4a7a-bcba-25292092f93c,HybridSwarmTerrainOptimizer,True,centre,2.1084213e-06,0.67975795,5.9212958e-08,3.1578047e-17,0.32023993,ok
2be28591-050c-49c3-ac5b-e7037d90fe47,AdaptiveMultiPhaseSwarmOptimizer,True,gaps/clusters,4.8322963e-09,0.32530892,5.3384797e-11,1.4524212e-21,0.6746911,ok
83e6be81-db6a-4c3a-85e6-764e2fdc2209,EnhancedAdaptiveMultiPhaseSwarmOptimizer,True,gaps/clusters,4.8322963e-09,0.32530892,5.3384797e-11,1.4524212e-21,0.6746911,ok
dad073e4-eb88-4bf6-b662-a895dc491e21,DynamicSwarmOptimizer,True,gaps/clusters,4.8322963e-09,0.32530892,5.3384797e-11,1.4524212e-21,0.6746911,ok
04c36019-ff15-440f-9bd8-578053d5da97,AdaptiveMultiPhaseSwarmOptimizer,True,gaps/clusters,4.8322963e-09,0.32530892,5.3384797e-11,1.4524212e-21,0.6746911,ok
e56a0725-10ba-443c-8a45-fbaedcfff87d,AdaptiveMultiPhaseSwarmOptimizer,True,gaps/clusters,4.8322963e-09,0.32530892,5.3384797e-11,1.4524212e-21,0.6746911,ok
416e5508-5141-448f-a7c4-c52d85fe2775,AdaptiveMultiPhaseSwarmOptimizer,True,gaps/clusters,4.8322963e-09,0.32530892,5.3384797e-11,1.4524212e-21,0.6746911,ok
92276eb8-d33a-4c24-b1a2-399350da2e59,EnhancedAdaptiveMultiPhaseSwarmOptimizer,True,centre,2.1084213e-06,0.67975795,5.9212958e-08,3.1578047e-17,0.32023993,ok
8bb7071c-bf25-4db8-98a6-e707c146f115,AdaptiveMultiPhaseSwarmOptimizer,True,gaps/clusters,4.8322963e-09,0.32530892,5.3384797e-11,1.4524212e-21,0.6746911,ok
b725d528-6f34-4138-bc65-450864781d1c,AdaptiveMultiPhaseSwarmOptimizer,True,gaps/clusters,4.8322963e-09,0.32530892,5.3384797e-11,1.4524212e-21,0.6746911,ok
19d4c06d-4b48-46c5-8bcc-126d1c8c178e,EnhancedAdaptiveMultiPhaseSwarmOptimizer,True,gaps/clusters,4.8322963e-09,0.32530892,5.3384797e-11,1.4524212e-21,0.6746911,ok
71c2579e-1dba-4603-8c6f-e711f0399a8f,EnhancedAdaptiveMultiPhaseSwarmOptimizer,True,gaps/clusters,4.8322963e-09,0.32530892,5.3384797e-11,1.4524212e-21,0.6746911,ok
171f47b0-192a-4c20-bb14-e73a8eb42df5,DynamicPhaseTransitionSwarmOptimizer,True,gaps/clusters,1.7559428e-15,0.002809255,1.7344329e-13,6.2743130000000005e-28,0.9971908,ok
e560caed-9a39-4a38-85e0-008a4bb10da7,DynamicPhaseTransitionSwarmOptimizer,True,gaps/clusters,4.8322963e-09,0.32530892,5.3384797e-11,1.4524212e-21,0.6746911,ok
ac80dce8-fe36-4b36-8421-95f1ffd6d6ba,DynamicPhaseTransitionSwarmOptimizer,True,gaps/clusters,4.8322963e-09,0.32530892,5.3384797e-11,1.4524212e-21,0.6746911,ok
f56b249b-13ba-4bba-9855-93a293d3d293,AdaptiveNeighborhoodSwarmOptimizer,True,bounds,0.014240233,2.5903664e-06,0.01312832,0.96785104,0.004777762,ok
6258355e-da5c-4b47-9e7b-a456a27877e1,DynamicPhaseTransitionSwarmOptimizer,False,unif,0.64425415,0.04083982,0.17860773,0.076439746,0.05985856,ok
017d3981-4ed3-4a18-8c7c-1c294a299511,DynamicPhaseTransitionSwarmOptimizer,True,gaps/clusters,4.8322963e-09,0.32530892,5.3384797e-11,1.4524212e-21,0.6746911,ok
c1a19a83-0770-4a64-8cac-f687027a6912,DynamicPhaseTransitionSwarmOptimizer,True,gaps/clusters,4.8322963e-09,0.32530892,5.3384797e-11,1.4524212e-21,0.6746911,ok
802628c5-14ab-4caf-bf5f-95273f9bf512,DynamicPhaseTransitionSwarmOptimizer,True,gaps/clusters,4.8322963e-09,0.32530892,5.3384797e-11,1.4524212e-21,0.6746911,ok
7ad2ba5d-5020-4049-b1cb-1d07dd7ee354,DynamicPhaseTransitionSwarmOptimizer,True,gaps/clusters,4.8322963e-09,0.32530892,5.3384797e-11,1.4524212e-21,0.6746911,ok
29027062-05f8-438f-96e9-34721fe417d8,DynamicPhaseTransitionSwarmOptimizer,True,gaps/clusters,4.8322963e-09,0.32530892,5.3384797e-11,1.4524212e-21,0.6746911,ok
d48e8602-66b8-4026-9687-55360f8f375a,EnhancedDynamicPhaseTransitionSwarmOptimizer,True,disc,0.61430204,0.005488486,0.2673776,0.039644796,0.07318715,ok
577a103e-b017-4ebf-a2f9-53e692480710,DynamicPhaseTransitionSwarmOptimizer,True,gaps/clusters,4.8322963e-09,0.32530892,5.3384797e-11,1.4524212e-21,0.6746911,ok
3fd3081d-90f3-49cf-9e52-f58cfb1d6ce9,EnhancedDynamicPhaseTransitionSwarmOptimizer,True,gaps/clusters,4.8322963e-09,0.32530892,5.3384797e-11,1.4524212e-21,0.6746911,ok
25b12e01-592b-4204-95e4-3ceb588a32ba,DynamicPhaseTransitionSwarmOptimizer,False,unif,0.7641567,0.02760446,0.10989519,0.014415046,0.083928585,ok
cb23f1b9-5b84-4369-bcc2-2af3cc572351,DynamicPhaseTransitionSwarmOptimizer,True,gaps/clusters,4.8322963e-09,0.32530892,5.3384797e-11,1.4524212e-21,0.6746911,ok
a1095e62-d534-4fb9-992d-8bb5c2bed5de,DynamicPhaseTransitionSwarmOptimizer,True,gaps/clusters,4.8322963e-09,0.32530892,5.3384797e-11,1.4524212e-21,0.6746911,ok
95a4e818-0334-45df-9bc4-c0b76a49e50a,AdaptiveMemorySwarmOptimizer,True,gaps/clusters,4.8322963e-09,0.32530892,5.3384797e-11,1.4524212e-21,0.6746911,ok
79eddee5-39ad-4528-9785-9b1707830076,DynamicPhaseTransitionSwarmOptimizer,True,gaps/clusters,4.8322963e-09,0.32530892,5.3384797e-11,1.4524212e-21,0.6746911,ok
f406704c-bfd1-4045-9874-c4a3e3431c69,DynamicPhaseTransitionSwarmOptimizer,True,gaps/clusters,4.8322963e-09,0.32530892,5.3384797e-11,1.4524212e-21,0.6746911,ok
21de28f9-91d9-4679-8559-f44271b4fcec,DynamicPhaseTransitionSwarmOptimizer,True,gaps/clusters,4.8322963e-09,0.32530892,5.3384797e-11,1.4524212e-21,0.6746911,ok
f45241c6-244e-4ec7-a74e-4242784d14ee,DynamicPhaseTransitionSwarmOptimizer,True,gaps/clusters,4.8322963e-09,0.32530892,5.3384797e-11,1.4524212e-21,0.6746911,ok
196533d7-1d78-4947-ab04-90f3a13b0f75,DynamicPhaseTransitionSwarmOptimizer,True,gaps/clusters,4.8322963e-09,0.32530892,5.3384797e-11,1.4524212e-21,0.6746911,ok
4e2c1f95-9aad-4b44-89f4-215f407dae0b,DynamicPhaseTransitionSwarmOptimizer,True,gaps/clusters,4.8322963e-09,0.32530892,5.3384797e-11,1.4524212e-21,0.6746911,ok
c6966a71-d14b-4103-ad48-629bdca67348,EnhancedDynamicSwarmOptimizer,True,gaps/clusters,4.8322963e-09,0.32530892,5.3384797e-11,1.4524212e-21,0.6746911,ok
e4b0aac0-dce5-4122-969c-1b2543dd1d3c,EnhancedDynamicSwarmOptimizer,True,gaps/clusters,4.8322963e-09,0.32530892,5.3384797e-11,1.4524212e-21,0.6746911,ok
8f0ecaa2-da22-42f9-b495-7e2561b7c3f5,DynamicPhaseTransitionSwarmOptimizer,True,gaps/clusters,4.8322963e-09,0.32530892,5.3384797e-11,1.4524212e-21,0.6746911,ok
52de413c-7d38-4140-94c7-092e159afd2f,DynamicPhaseTransitionSwarmOptimizer,True,gaps/clusters,4.8322963e-09,0.32530892,5.3384797e-11,1.4524212e-21,0.6746911,ok
e5723cc1-999e-444a-97c0-e31c9236f59e,DynamicPhaseTransitionSwarmOptimizer,True,gaps/clusters,4.8322963e-09,0.32530892,5.3384797e-11,1.4524212e-21,0.6746911,ok
9181cad7-d931-41b6-a516-5f4bbc4c1792,DynamicPhaseTransitionSwarmOptimizer,True,gaps/clusters,4.8322963e-09,0.32530892,5.3384797e-11,1.4524212e-21,0.6746911,ok
33c3199a-39cc-42f3-9c45-c7630659b16d,EnhancedDynamicPhaseTransitionSwarmOptimizer,True,gaps/clusters,4.8322963e-09,0.32530892,5.3384797e-11,1.4524212e-21,0.6746911,ok
7a1e6e3a-598d-404e-8398-ca0810c1690b,DynamicPhaseTransitionSwarmOptimizer,True,centre,2.1084213e-06,0.67975795,5.9212958e-08,3.1578047e-17,0.32023993,ok
5384b4db-5fcc-4748-b943-678e35c7bf93,DynamicPhaseTransitionSwarmOptimizer,True,gaps/clusters,4.8322963e-09,0.32530892,5.3384797e-11,1.4524212e-21,0.6746911,ok
4cb3d0e0-5846-4009-a492-cf3eb27dc621,DynamicPhaseTransitionSwarmOptimizer,True,gaps/clusters,4.8322963e-09,0.32530892,5.3384797e-11,1.4524212e-21,0.6746911,ok
8ebc51d9-2f73-4b8c-ae87-664e0c690f20,DynamicPhaseTransitionSwarmOptimizer,True,gaps/clusters,4.8322963e-09,0.32530892,5.3384797e-11,1.4524212e-21,0.6746911,ok
aadb3f24-0699-4a22-b7da-d42252d26bed,DynamicPhaseTransitionSwarmOptimizer,True,gaps/clusters,4.8322963e-09,0.32530892,5.3384797e-11,1.4524212e-21,0.6746911,ok
afd4a4ec-367a-4d3b-b6a3-a2cccbbc3081,AdaptiveVelocityDiversitySwarmOptimizer,True,gaps/clusters,4.8322963e-09,0.32530892,5.3384797e-11,1.4524212e-21,0.6746911,ok
50e496fd-98eb-45dd-be23-ffc9cefbc53e,DynamicPhaseTransitionSwarmOptimizer,True,gaps/clusters,4.8322963e-09,0.32530892,5.3384797e-11,1.4524212e-21,0.6746911,ok
7ecb3a45-e291-492b-bc92-402a0e3b2bd4,AdaptivePhaseTransitionSwarmOptimizer,True,gaps/clusters,4.8322963e-09,0.32530892,5.3384797e-11,1.4524212e-21,0.6746911,ok
02d36d02-87a4-4720-9d48-9fa54f3186ab,DynamicPhaseTransitionSwarmOptimizer,True,gaps/clusters,4.8322963e-09,0.32530892,5.3384797e-11,1.4524212e-21,0.6746911,ok
b81a4fb9-dc11-4c28-8ad4-a1ac3ab76213,DynamicPhaseTransitionSwarmOptimizer,True,gaps/clusters,4.8322963e-09,0.32530892,5.3384797e-11,1.4524212e-21,0.6746911,ok
d99e6784-6fcb-4b75-8449-efa4c7e3b96a,DynamicPhaseTransitionSwarmOptimizer,True,gaps/clusters,4.8322963e-09,0.32530892,5.3384797e-11,1.4524212e-21,0.6746911,ok
1effaf5a-c1e6-4d58-ad70-2a8d8ff019aa,DynamicPhaseTransitionSwarmOptimizer,True,gaps/clusters,4.8322963e-09,0.32530892,5.3384797e-11,1.4524212e-21,0.6746911,ok
6d2be848-83fe-4dbd-a784-9df8cf1d199d,DynamicPhaseTransitionSwarmOptimizer,True,gaps/clusters,4.8322963e-09,0.32530892,5.3384797e-11,1.4524212e-21,0.6746911,ok
decdfa57-7ae8-405e-9c08-57a3313245c7,DynamicPhaseTransitionSwarmOptimizer,True,gaps/clusters,4.8322963e-09,0.32530892,5.3384797e-11,1.4524212e-21,0.6746911,ok
abc8e798-cda7-4dc6-8456-3612417a148a,DynamicPhaseTransitionSwarmOptimizer,True,gaps/clusters,4.8322963e-09,0.32530892,5.3384797e-11,1.4524212e-21,0.6746911,ok
1fa1d16a-8278-4695-9c39-e2a0d0eb259b,AdaptiveDynamicNeighborhoodSwarmOptimizer,True,bounds,0.03950835,1.0322942e-06,0.04103181,0.9089432,0.01051559,ok
592a9341-b478-46fb-9321-37a384736f1a,DynamicPhaseTransitionSwarmOptimizer,True,centre,2.1084213e-06,0.67975795,5.9212958e-08,3.1578047e-17,0.32023993,ok
9aa74bbf-0b72-4d8c-96bc-35e7d3bee2d7,DynamicPhaseTransitionSwarmOptimizer,True,gaps/clusters,4.8322963e-09,0.32530892,5.3384797e-11,1.4524212e-21,0.6746911,ok
84535a68-37e2-462d-ad9e-347c08f51392,RefinedDynamicPhaseTransitionSwarmOptimizer,True,gaps/clusters,4.8322963e-09,0.32530892,5.3384797e-11,1.4524212e-21,0.6746911,ok
af6dc2ac-0a97-4cdc-9aea-a47a61a01c5b,DynamicPhaseTransitionSwarmOptimizer,True,gaps/clusters,4.8322963e-09,0.32530892,5.3384797e-11,1.4524212e-21,0.6746911,ok
1c0654a7-c2e1-46de-830e-3ae434ae785e,DynamicPhaseTransitionSwarmOptimizer,True,gaps/clusters,4.8322963e-09,0.32530892,5.3384797e-11,1.4524212e-21,0.6746911,ok
e25c6295-7fa6-43c1-8843-814ac9be6f2a,DynamicPhaseTransitionSwarmOptimizer,True,gaps/clusters,4.8322963e-09,0.32530892,5.3384797e-11,1.4524212e-21,0.6746911,ok
26961c6f-4edc-47dd-a46f-ac198921734b,DynamicPhaseTransitionSwarmOptimizer,True,gaps/clusters,4.8322963e-09,0.32530892,5.3384797e-11,1.4524212e-21,0.6746911,ok
c575fad4-6810-4621-ab9f-26ee6a17c221,ImprovedDynamicPhaseTransitionSwarmOptimizer,True,gaps/clusters,4.8322963e-09,0.32530892,5.3384797e-11,1.4524212e-21,0.6746911,ok
239b377f-4ca8-4e9a-8a4d-83195dd4e59a,DynamicPhaseTransitionSwarmOptimizer,True,centre,2.1084213e-06,0.67975795,5.9212958e-08,3.1578047e-17,0.32023993,ok
24c8933e-b515-4385-ba58-f57796175690,DynamicPhaseTransitionSwarmOptimizer,True,gaps/clusters,4.8322963e-09,0.32530892,5.3384797e-11,1.4524212e-21,0.6746911,ok
42db5834-6845-4981-89cc-b1afbf567691,AdaptiveDiversitySwarmOptimizer,False,unif,0.75787777,0.040245082,0.11709978,0.023870151,0.060907263,ok
77a7b8c3-3aa7-475c-8d4e-6672fceafe3e,DynamicPhaseTransitionSwarmOptimizer,True,gaps/clusters,4.8322963e-09,0.32530892,5.3384797e-11,1.4524212e-21,0.6746911,ok
7312e6e4-64cf-4392-9221-eab3c127a421,DynamicPhaseTransitionSwarmOptimizer,True,gaps/clusters,4.8322963e-09,0.32530892,5.3384797e-11,1.4524212e-21,0.6746911,ok
39f75a5e-abc0-4028-979b-05a046d2ea08,DynamicPhaseTransitionSwarmOptimizer,True,gaps/clusters,4.8322963e-09,0.32530892,5.3384797e-11,1.4524212e-21,0.6746911,ok
24e5d42d-2084-48e5-ad9d-2f43364c3f0b,DynamicPhaseTransitionSwarmOptimizer,True,gaps/clusters,4.8322963e-09,0.32530892,5.3384797e-11,1.4524212e-21,0.6746911,ok
d8c7f2ce-a346-4719-b8f2-413dda8bf305,DynamicPhaseTransitionSwarmOptimizer,True,gaps/clusters,4.8322963e-09,0.32530892,5.3384797e-11,1.4524212e-21,0.6746911,ok
c8441018-1d6f-4788-89b4-e0c189a3b5c6,EnhancedSwarmAdaptiveDifferentialEvolution,True,bounds,0.367586,0.10127298,0.017001634,0.2682696,0.24586976,ok
d1096668-61f0-4100-b267-98754f2807a7,EnhancedAdaptiveDifferentialEvolution,True,bounds,0.151414,0.0424212,0.01460918,0.5185862,0.2729694,ok
cd49c509-f7b0-4c84-aa4d-e75e5dbcb818,EnhancedAdaptiveDifferentialEvolutionQPSO,True,bounds,0.367586,0.10127298,0.017001634,0.2682696,0.24586976,ok
1bd3065e-6e83-4118-90f0-2b2f719bb7fb,EnhancedAdaptiveChaosPSO,False,unif,0.69739914,0.06980497,0.07986647,0.08129301,0.07163634,ok
6813be18-f779-4820-a51e-d2696a17c869,EnhancedAdaptiveChaosPSOWithLevyAndMutation,False,unif,0.72524375,0.01723804,0.12733713,0.061058123,0.06912291,ok
ecd312d9-f5cd-4d68-a9c6-23fd07748301,EnhancedLevyChaosPSO,False,unif,0.7826195,0.08053665,0.06388314,0.016571593,0.056389175,ok
c1645ebc-eaa4-446f-bbd0-0645291b3ca5,EnhancedLevyChaosPSO,False,unif,0.7849633,0.08219187,0.060343903,0.016428918,0.056071907,ok
b9f1da57-f31e-47a4-a140-e25584be442d,EnhancedLevyChaosPSO,False,unif,0.5790652,0.14623445,0.14963599,0.009024513,0.11603983,ok
6661a016-67db-4082-a694-89c265d04eeb,EnhancedLevyChaosPSO,False,unif,0.67301404,0.060813934,0.14740807,0.05858781,0.060176097,ok
ea502045-6e01-4a02-8631-6c2be68e77e7,EnhancedLevyChaosPSO,False,unif,0.72359145,0.10375605,0.081099644,0.017630223,0.07392263,ok
dcf57ddb-8f7d-4eaf-8475-05755063b46f,RefinedLevyChaosPSO,True,bounds,0.48250788,0.0017581766,0.16136494,0.23928583,0.1150832,ok
aa698bc5-5c9d-4232-90e7-df13663656e0,HybridSwarmEvolutionPSO,True,bounds,0.024181202,2.5597096e-06,0.02288214,0.9475586,0.0053754095,ok
cb7e1a12-143c-41e7-94ae-242942090fb8,EnhancedHybridSwarmPSO,True,bounds,0.023532461,5.2990083e-07,0.015017117,0.95060664,0.010843305,ok
efaf338d-f573-41f8-9182-1747f9876ef0,EnhancedHybridSwarmPSO,True,bounds,5.309581e-08,9.057906e-15,1.2311356e-08,0.9996168,0.00038304544,ok
b269aca1-9412-4e61-b952-93f2294fded8,HybridSwarmEvolutionPSO,True,bounds,0.004948254,1.4986153e-07,0.0020438859,0.9861635,0.00684418,ok
3278989e-fe31-4eb5-bbce-ae03a510557e,HybridSwarmEvolutionPSO,True,bounds,0.0013989524,2.880672e-09,0.001001891,0.99493074,0.0026684115,ok
02d52d89-1b5f-4d05-a274-5d7e632b065c,HybridSwarmEvolutionPSO,True,bounds,0.18970275,3.718558e-05,0.15307577,0.6170702,0.04011403,ok
569db75d-458f-47d0-b28b-63e793a058b3,HybridSwarmEvolutionPSO,True,bounds,0.00948854,9.426886e-08,0.0049250936,0.97742796,0.0081584025,ok
0c39c7ab-50e4-437a-81f3-42250f59fb96,AdaptiveMemoryCoopPSO,True,centre,0.6865376,0.1499228,0.062281616,0.010158998,0.09109892,ok
3a955fc1-ee45-4bf4-8593-c481e5b645f0,EnhancedLevyFlightParticleSwarm,True,bounds,0.36750668,0.0019994539,0.061258573,0.46704087,0.10219439,ok
c526834b-50f7-41c1-8a46-ea2a2e99cc00,EnhancedChaoticLevySwarm,True,bounds,0.5724975,0.0015822429,0.12670392,0.25710168,0.042114697,ok
2646b3e1-597a-4f8a-92ad-a535680e588b,EnhancedChaoticLevySwarm,True,bounds,0.5724975,0.0015822429,0.12670392,0.25710168,0.042114697,ok
52568970-a6b9-4ef4-ad9d-db9ab016b88b,EnhancedChaoticLevySwarm,True,bounds,0.5724975,0.0015822429,0.12670392,0.25710168,0.042114697,ok
7ad4216f-2795-4ce6-a40d-b21ec2e31067,EnhancedDiverseChaoticLevySwarm,True,bounds,0.5724975,0.0015822429,0.12670392,0.25710168,0.042114697,ok
7e9bc4cd-be5f-47d6-9800-f96c1c99c418,EnhancedChaoticLevySwarm,True,bounds,0.42612377,0.0029938344,0.08160327,0.4294181,0.059861075,ok
c9876f5d-69b8-40d5-9030-636b83ca5f0a,EnhancedChaoticLevySwarm,True,bounds,0.5724975,0.0015822429,0.12670392,0.25710168,0.042114697,ok
0100990f-ae1f-43a0-8031-53a49a6e4329,AdaptiveChaoticLevySwarm,True,bounds,0.5724975,0.0015822429,0.12670392,0.25710168,0.042114697,ok
eafdc66e-e9c6-4958-89d2-e63d2f850b68,EnhancedChaoticLevySwarmV2,False,unif,0.64783657,0.0061533796,0.123519555,0.023995867,0.19849455,ok
710a4cc0-eaef-4301-80ea-e1eaad87890b,AdaptiveCooperativeSwarm,True,gaps/clusters,0.23949036,0.010604181,0.024089469,6.9232905e-05,0.72574675,ok
77d4d1ae-8210-460f-a251-07fa7a63810b,AdaptiveCooperativeSwarm,True,gaps/clusters,0.23949036,0.010604181,0.024089469,6.9232905e-05,0.72574675,ok
79372dff-a2ce-4ec6-9798-8c59309a6e98,AdaptiveCooperativeSwarm,True,gaps/clusters,0.23949036,0.010604181,0.024089469,6.9232905e-05,0.72574675,ok
ad9c1bda-7de0-48d4-b06f-a6788b05da57,AdaptiveCooperativeSwarm,True,gaps/clusters,0.23949036,0.010604181,0.024089469,6.9232905e-05,0.72574675,ok
65832578-4c62-4d6d-ab2f-af522b14a8ec,AdaptiveCooperativeSwarm,True,gaps/clusters,0.23949036,0.010604181,0.024089469,6.9232905e-05,0.72574675,ok
021484e7-1e07-4906-8cc7-fb65621ece7d,AdaptiveCooperativeSwarm,True,gaps/clusters,0.23949036,0.010604181,0.024089469,6.9232905e-05,0.72574675,ok
079a8b27-3905-45ef-a7cf-12fba6f356b8,AdaptiveCooperativeSwarm,True,gaps/clusters,0.23949036,0.010604181,0.024089469,6.9232905e-05,0.72574675,ok
a0003b5f-673b-4152-b5f8-cb12a4e4c1cc,EnhancedAdaptiveCooperativeSwarm,True,gaps/clusters,0.4787387,0.008528022,0.07475291,0.0011209205,0.43685952,ok
3e979832-6736-4a9f-891f-2f3aa4b19b6f,EnhancedAdaptiveCooperativeSwarm,True,gaps/clusters,0.00015397169,7.98737e-06,8.604625e-06,7.625134e-08,0.9998293,ok
707a9c3d-6978-4057-94a8-ff74f4944860,EnhancedAdaptiveCooperativeSwarm,True,gaps/clusters,0.00015397169,7.98737e-06,8.604625e-06,7.625134e-08,0.9998293,ok
48ad72af-5f97-4fee-9633-334ad07a1ce5,EnhancedAdaptiveCooperativeSwarm,True,gaps/clusters,0.00015397169,7.98737e-06,8.604625e-06,7.625134e-08,0.9998293,ok
ceb040ce-08ea-4951-bbc3-b6a73d714b62,EnhancedAdaptiveCooperativeSwarm,True,gaps/clusters,0.00015397169,7.98737e-06,8.604625e-06,7.625134e-08,0.9998293,ok
a13a155b-6a65-41d1-92e4-d0319741b9cc,EnhancedAdaptiveCooperativeSwarm,True,gaps/clusters,0.00015397169,7.98737e-06,8.604625e-06,7.625134e-08,0.9998293,ok
0b9a6521-8870-4ba8-9fba-eecb4c2f607f,EnhancedAdaptiveCooperativeSwarm,True,gaps/clusters,0.00015397169,7.98737e-06,8.604625e-06,7.625134e-08,0.9998293,ok
d74d5ad2-861f-4045-9dc0-d7daee554833,RefinedAdaptiveCooperativeSwarm,True,gaps/clusters,0.00015397169,7.98737e-06,8.604625e-06,7.625134e-08,0.9998293,ok
22e24da2-5cd4-4913-8cc6-b37381e4b974,EnhancedAdaptiveCooperativeSwarmRefined,True,gaps/clusters,0.00015397169,7.98737e-06,8.604625e-06,7.625134e-08,0.9998293,ok
753f25ac-3963-441a-8486-71b37b5a2be6,EnhancedAdaptiveCooperativeSwarm,True,gaps/clusters,2.3495273e-05,1.4539799e-05,1.1561764e-06,2.255749e-08,0.9999608,ok
854a2d95-faf0-48d0-94a3-e0ffc4c3a3b3,EnhancedAdaptiveCooperativeSwarm,True,gaps/clusters,0.00015397169,7.98737e-06,8.604625e-06,7.625134e-08,0.9998293,ok
b56f35f5-8c60-4ba2-a99c-807169bb61fc,EnhancedAdaptiveCooperativeSwarm,True,gaps/clusters,0.00015397169,7.98737e-06,8.604625e-06,7.625134e-08,0.9998293,ok
9b1abded-5acf-4532-bb81-7008bda4faa9,EnhancedAdaptiveCooperativeSwarm,True,gaps/clusters,0.00015397169,7.98737e-06,8.604625e-06,7.625134e-08,0.9998293,ok
626c3ac3-7e35-4192-a3df-a0bf2107c253,EnhancedAdaptiveCooperativeSwarm,True,gaps/clusters,0.00015397169,7.98737e-06,8.604625e-06,7.625134e-08,0.9998293,ok
335eafab-d130-4c07-8ec6-cb692027497e,EnhancedAdaptiveCooperativeSwarm,True,gaps/clusters,0.00015397169,7.98737e-06,8.604625e-06,7.625134e-08,0.9998293,ok
b3eb782a-09cb-4c64-85d8-71c274472005,EnhancedAdaptiveCooperativeSwarm,True,gaps/clusters,0.00015397169,7.98737e-06,8.604625e-06,7.625134e-08,0.9998293,ok
ef427a85-771f-4b89-88e7-814165d65b00,EnhancedAdaptiveCooperativeSwarm,True,gaps/clusters,0.00015397169,7.98737e-06,8.604625e-06,7.625134e-08,0.9998293,ok
fbe80ae7-6571-4f3c-85ea-03ec66f9ed24,AdaptiveSwarmWithDiversity,True,gaps/clusters,0.00015397169,7.98737e-06,8.604625e-06,7.625134e-08,0.9998293,ok
04446e9c-44b6-4ddf-ac89-53e59ee897b4,MultiModalAdaptiveSwarm,True,gaps/clusters,0.00015397169,7.98737e-06,8.604625e-06,7.625134e-08,0.9998293,ok
c02b1095-d0ea-42cd-b762-ca15bf7d0d9c,EnhancedAdaptiveCooperativeSwarm,True,gaps/clusters,0.00015397169,7.98737e-06,8.604625e-06,7.625134e-08,0.9998293,ok
c78e31f1-beb0-42d9-a9fd-8772e6289ffd,RefinedAdaptiveCooperativeSwarm,True,gaps/clusters,0.00015397169,7.98737e-06,8.604625e-06,7.625134e-08,0.9998293,ok
906f1a50-2da6-4555-aa19-50c862f77e74,QuantumAdaptiveCooperativeSwarm,True,gaps/clusters,0.00015397169,7.98737e-06,8.604625e-06,7.625134e-08,0.9998293,ok
6c1f5043-9c6b-4cc0-8298-06bd9521d659,RefinedAdaptiveCooperativeSwarm,True,gaps/clusters,0.00015397169,7.98737e-06,8.604625e-06,7.625134e-08,0.9998293,ok
86815b69-4973-4012-9342-940ed8efae17,EnhancedAdaptiveMemorySwarm,True,gaps/clusters,0.00015397169,7.98737e-06,8.604625e-06,7.625134e-08,0.9998293,ok
4fcfb843-b6b5-4b9b-a4fd-c6c287f5d1f7,RefinedAdaptiveCooperativeSwarm,True,gaps/clusters,1.9508206e-11,7.7499995e-10,0.0056608086,4.515565e-18,0.99433917,ok
218489d5-a466-442b-a804-0b29b0bfa8a1,EnhancedAdaptiveCooperativeSwarm,True,gaps/clusters,0.00015397169,7.98737e-06,8.604625e-06,7.625134e-08,0.9998293,ok
85b2698a-d8ca-4830-a08f-0b29c2c3269e,EnhancedAdaptiveCooperativeSwarmPlus,True,gaps/clusters,0.00015397169,7.98737e-06,8.604625e-06,7.625134e-08,0.9998293,ok
179ca5df-ca80-4088-9e10-66bd7c5c4f32,AdaptiveMemorySwarm,True,gaps/clusters,1.470071e-05,2.2578004e-07,6.4720706e-07,4.931285e-09,0.99998444,ok
ab1596af-ecfa-47f1-9843-35398c6cd962,EnhancedAdaptiveCooperativeSwarm,True,gaps/clusters,0.00015397169,7.98737e-06,8.604625e-06,7.625134e-08,0.9998293,ok
ee8bc08c-a463-4650-b084-334411a3d4f4,AdaptiveMemorySwarm,True,gaps/clusters,1.470071e-05,2.2578004e-07,6.4720706e-07,4.931285e-09,0.99998444,ok
339701b5-bc4a-495b-8523-c05e7d47128e,EnhancedSwarmOptimizer,True,gaps/clusters,1.470071e-05,2.2578004e-07,6.4720706e-07,4.931285e-09,0.99998444,ok
2a5c9fed-1b09-4712-b274-77621cccdd90,EnhancedMemorySwarm,True,gaps/clusters,1.470071e-05,2.2578004e-07,6.4720706e-07,4.931285e-09,0.99998444,ok
9354b24a-2fde-480d-8eef-c92cce1b0f34,EnhancedMemorySwarm,True,gaps/clusters,1.470071e-05,2.2578004e-07,6.4720706e-07,4.931285e-09,0.99998444,ok
cfc43fd3-6682-4e6b-9f7c-2599207c336f,EnhancedMemorySwarm,True,gaps/clusters,1.470071e-05,2.2578004e-07,6.4720706e-07,4.931285e-09,0.99998444,ok
f5f42bcc-c81a-4b56-b370-5a41c29fdd80,EnhancedMemorySwarm,True,gaps/clusters,1.470071e-05,2.2578004e-07,6.4720706e-07,4.931285e-09,0.99998444,ok
1edbd83d-b1e0-4850-9f65-70fe00a654c7,EnhancedMemorySwarm,True,gaps/clusters,1.470071e-05,2.2578004e-07,6.4720706e-07,4.931285e-09,0.99998444,ok
19191e61-b9f7-4b1d-b1cb-537dcf95a121,EnhancedMemorySwarm,True,gaps/clusters,1.470071e-05,2.2578004e-07,6.4720706e-07,4.931285e-09,0.99998444,ok
ca6ba3e9-8ad0-426d-b16d-6b79150a2d8e,EnhancedMemorySwarm,True,gaps/clusters,1.470071e-05,2.2578004e-07,6.4720706e-07,4.931285e-09,0.99998444,ok
b2684668-2269-44f4-8a9d-c6c9f4c88aa8,EnhancedMemorySwarm,True,gaps/clusters,1.470071e-05,2.2578004e-07,6.4720706e-07,4.931285e-09,0.99998444,ok
6e7e7e6d-e863-47e9-97e0-5f06414bae01,EnhancedMemorySwarm,True,gaps/clusters,1.470071e-05,2.2578004e-07,6.4720706e-07,4.931285e-09,0.99998444,ok
17c02cb7-aec8-47e5-a8c7-4a5808a4ca03,EnhancedMemorySwarm,True,gaps/clusters,1.470071e-05,2.2578004e-07,6.4720706e-07,4.931285e-09,0.99998444,ok
a810b668-8865-46f5-8041-70f4beabf653,EnhancedMemorySwarm,True,gaps/clusters,1.470071e-05,2.2578004e-07,6.4720706e-07,4.931285e-09,0.99998444,ok
febbdf85-239d-494f-b69e-800e283d6aff,EnhancedMemorySwarm,True,gaps/clusters,1.470071e-05,2.2578004e-07,6.4720706e-07,4.931285e-09,0.99998444,ok
f97b375a-0bb9-4440-bbb7-fddef7fb193d,EnhancedMemorySwarm,True,gaps/clusters,1.470071e-05,2.2578004e-07,6.4720706e-07,4.931285e-09,0.99998444,ok
b9efe929-09d9-43e6-a045-4ab3c5ab89f3,EnhancedMemorySwarm,True,gaps/clusters,1.470071e-05,2.2578004e-07,6.4720706e-07,4.931285e-09,0.99998444,ok
59fda245-d099-482a-80f1-dc40a27ade92,EnhancedMemorySwarm,True,gaps/clusters,1.470071e-05,2.2578004e-07,6.4720706e-07,4.931285e-09,0.99998444,ok
c236833b-87b5-4e23-b173-d36edfc641c6,EnhancedMemorySwarm,True,gaps/clusters,0.00024508833,5.6136312e-05,2.1708864e-05,8.553606e-08,0.999677,ok
ef459fa7-7eac-44a9-8a99-aef696872ca2,EnhancedHybridDEPSO,True,bounds,0.075633936,1.2641482e-06,0.1037408,0.76680106,0.053822942,ok
4f55b173-63a9-4b65-a906-332a86d9dff0,EnhancedHybridDEPSO,True,bounds,0.41806588,0.00027354853,0.24136505,0.288431,0.051864542,ok
2cafa20e-ca63-44cb-a943-02e61a157ac4,HybridDEPSO,True,bounds,0.49262977,0.0017871922,0.17151022,0.28271437,0.051358365,ok
87b0399b-b2a8-4f91-bb25-775e45492bd9,EnhancedHybridDEPSO,True,bounds,0.36995032,0.02579337,0.23855951,0.31204104,0.05365575,ok
adc99f97-5041-4708-81bc-c968096b93fa,QuantumChaosDEPSO,True,bounds,7.197401e-10,2.1151366e-12,2.7240432e-12,0.9515169,0.048483074,ok
e875b16b-0547-460f-8605-352d4081e02f,EnhancedHybridDEPSO,False,unif,0.59273595,0.011078301,0.20487699,0.11187059,0.079438224,ok
4d759b64-c4d8-45cd-8c7c-af188a7c17f3,EnhancedDEPSO,False,unif,0.62226665,0.0037260328,0.24253067,0.07886152,0.052615143,ok
b7071c2a-57c2-4638-8628-fcc33783ddc4,EnhancedMemoryAdaptiveDEPSO,True,disc,0.47871798,0.0012519367,0.2592338,0.19371378,0.06708248,ok
98f828d8-026a-4357-a7f0-a40f0f22ef07,AdaptiveMultiStrategyMetaheuristic,True,bounds,0.054185547,2.9268003e-07,0.033517808,0.86594677,0.046349593,ok
8e98ae40-7828-4512-973d-b4d7eacf803f,APSO,True,bounds,0.026793163,2.6617181e-05,0.012076034,0.9425721,0.018532038,ok
027de75f-54af-4387-bda8-e1496ce4caa4,APSO,True,disc,0.30180714,0.0010485575,0.36334628,0.22236507,0.11143295,ok
d6522e14-f0f8-4272-a00e-be7129941e9a,EnhancedAPSO,True,bounds,2.599628e-13,2.3071311e-20,1.8874973e-15,0.99997294,2.7098484e-05,ok
ec87c00a-9817-4bf1-8354-480ad194962e,HybridAPSOLevy,True,bounds,5.134796e-13,9.359567e-19,3.3881136e-15,0.9999603,3.95565e-05,ok
4bf0d123-1e47-442e-acf4-6970c5c0b9bf,EnhancedAPSO,True,bounds,2.599628e-13,2.3071311e-20,1.8874973e-15,0.99997294,2.7098484e-05,ok
51546594-467e-4ae3-991a-c3722774d2f8,EnhancedAPSO,True,bounds,8.7898845e-14,4.77055e-22,1.0470635e-15,0.9999708,2.9141573e-05,ok
0fa951aa-d24d-4027-a75c-7f102de126c2,QuantumAPSO,True,bounds,1.394492e-15,2.9116875000000004e-26,8.112354e-18,0.99995536,4.4612025e-05,ok
79211657-5ba6-4062-909f-88460cca070d,EnhancedAPSORefined,False,unif,0.728802,0.13262835,0.04747682,0.010851473,0.08024131,ok
dbbd74b2-47e4-4b8a-a8aa-7c4c29087564,EnhancedAPSO,True,bounds,2.0256363e-13,2.2254542e-20,1.8915203e-15,0.9999735,2.6527036e-05,ok
f96f2d03-0aca-460c-a822-29de546e1a64,EnhancedAPSO,False,unif,0.7322904,0.064327866,0.12226424,0.01194946,0.069168046,ok
499092a4-b05c-49c4-955e-5dcb9d69bc75,AdaptiveEnhancedAPSO,True,bounds,2.039293e-13,2.2254553e-20,1.8971086e-15,0.9999714,2.8628914e-05,ok
7e36c4ac-c1f9-479f-a60e-a62bdac545ee,AdaptiveEnhancedAPSO,True,bounds,2.0463781e-13,2.2254535e-20,1.8962575e-15,0.9999695,3.0505867e-05,ok
7ee03d1e-c570-43eb-9cc5-c6689752ff40,AdaptiveEnhancedAPSO,True,bounds,8.4261053e-19,8.759512999999999e-37,1.3176752e-20,0.9999641,3.599568e-05,ok
0202109d-58c4-4143-a876-16875c2c13cc,EnhancedAdaptiveAPSO,True,bounds,8.4261053e-19,8.759512999999999e-37,1.3176752e-20,0.9999641,3.599568e-05,ok
d49c69a5-1f62-4a5f-aa2f-c63ce8d5ff63,AdaptiveEnhancedAPSO,True,bounds,3.313086e-16,2.3044352000000002e-30,7.705370999999999e-19,0.99996316,3.6892e-05,ok
3f8a94c1-e69a-4be4-b330-a15a19e7ee5c,EnhancedAdaptiveAPSO,True,bounds,8.4261053e-19,8.759512999999999e-37,1.3176752e-20,0.9999641,3.599568e-05,ok
92e45894-dfc4-4450-926f-e3080d990189,AdaptiveEnhancedAPSO,False,unif,0.6993502,0.09678117,0.103375696,0.0077567147,0.09273626,ok
462c7709-4d71-475b-bc7c-ef7227f10e44,DynamicAdaptiveAPSO,False,unif,0.723539,0.122614026,0.0788443,0.012971243,0.062031407,ok
d7287622-b7a3-41ed-aa9d-6fddc19be3e8,EnhancedDynamicAPSO,True,bounds,4.5543836e-19,6.765319e-37,6.997077e-21,0.9999672,3.279112e-05,ok
8a2293ea-78ed-42cb-8477-704601600ae2,AdaptiveEnhancedAPSO,True,bounds,4.9469180000000005e-17,2.1676524e-34,6.837765e-20,0.999956,4.3972646e-05,ok
ea82b84a-95ca-49ec-9327-4fcf7d8a25b2,QuantumInspiredAPSO,True,bounds,1.05116735e-10,8.248761500000001e-16,2.0001889e-13,0.95695436,0.04304557,ok
ad4b0399-f97b-4efc-a086-386d7eb8845d,DynamicAdaptiveCompetitiveAPSO,True,centre,0.38613412,0.28752962,0.026315283,0.05258795,0.2474331,ok
b5906321-7d85-4d32-9f8d-ed592389a7d4,EnhancedDynamicAdaptiveCompetitiveAPSO,True,centre,0.38613412,0.28752962,0.026315283,0.05258795,0.2474331,ok
05154fd6-1437-49f6-acfe-0ccdd4580eaa,HyperAdaptiveDynamicCompetitivePSO,True,centre,0.48476353,0.24647558,0.035379376,0.0532294,0.18015207,ok
3bb3a080-f9ae-4378-9494-0b77e1f5d333,HyperAdaptiveDynamicCompetitivePSO,True,centre,0.48476353,0.24647558,0.035379376,0.0532294,0.18015207,ok
97581786-7e06-413c-85f2-a344260dc387,EnhancedAdaptiveDynamicCompetitivePSO,True,centre,0.48476353,0.24647558,0.035379376,0.0532294,0.18015207,ok
530c9c34-9189-4cff-9123-dc49bb89ce98,HyperAdaptiveDynamicCompetitivePSO,True,centre,0.48476353,0.24647558,0.035379376,0.0532294,0.18015207,ok
07c4140c-44dc-41bf-8b22-dbb24131f294,HyperAdaptiveDynamicCompetitivePSO,True,centre,0.48476353,0.24647558,0.035379376,0.0532294,0.18015207,ok
603b75c8-4f41-48d9-aec9-cf0fd51a8d1a,HyperAdaptiveDynamicCompetitivePSO,True,centre,0.48476353,0.24647558,0.035379376,0.0532294,0.18015207,ok
866630d9-8d55-4ce2-89d1-9a21483fb7c5,HyperAdaptiveDynamicCompetitivePSO,True,centre,0.48476353,0.24647558,0.035379376,0.0532294,0.18015207,ok
fa3658af-5785-4e23-8779-3d4b48472a4e,HyperAdaptiveDynamicCompetitivePSO,True,gaps/clusters,0.36744112,0.19815233,0.036040314,0.14482214,0.2535441,ok
acdaeba3-ab00-422a-a19e-abdc21c4238b,HyperAdaptiveDynamicCompetitivePSO,True,centre,0.48476353,0.24647558,0.035379376,0.0532294,0.18015207,ok
167b3183-e188-4513-bc23-e782322b1822,HyperAdaptiveDynamicCompetitivePSO,True,centre,0.48476353,0.24647558,0.035379376,0.0532294,0.18015207,ok
6edac0e0-f711-4e49-b697-db1e7eb4701b,SynergisticAdaptiveCooperativePSO,True,centre,0.48770618,0.2462407,0.03253955,0.05253802,0.18097554,ok
9724d839-ee4d-44f3-85fe-c381241ccb4d,SynergisticAdaptiveCooperativePSO,True,gaps/clusters,0.33273548,0.29697263,0.02408711,0.037242215,0.30896258,ok
84a2309d-1b85-4992-b6b2-9b901f45620a,EnhancedSynergisticPSO,True,centre,0.5431732,0.18894163,0.04681731,0.07709296,0.14397493,ok
15244d16-deaa-4dab-9831-985fed608b54,EnhancedSynergisticPSO,False,unif,0.71740645,0.12528554,0.057531882,0.032612868,0.06716326,ok
ad3eaeab-3108-4fa9-b0f9-d9d41a46fca0,EnhancedSynergisticPSO,True,centre,0.5431732,0.18894163,0.04681731,0.07709296,0.14397493,ok
81334c7e-ba54-4169-9c23-5571b6124270,RefinedEnhancedSynergisticPSO,True,centre,0.5431732,0.18894163,0.04681731,0.07709296,0.14397493,ok
dc25f3fd-aa3a-4128-8c33-8017005d2324,AdaptiveSubswarmPSO,True,bounds,0.025324881,0.010843237,0.002495761,0.7023088,0.25902733,ok
12009570-7d74-4678-9014-90f074c2f29b,EnhancedSynergisticPSO,True,gaps/clusters,0.037647255,0.1619316,0.0016885739,7.184827e-08,0.7987325,ok
d77a1f6a-11c8-41ec-b830-8bdc6195623b,EnhancedHybridDEPSO,False,unif,0.69333446,0.038510278,0.15435852,0.05502922,0.058767445,ok
3d715410-8284-4699-9640-30eb05984b83,HybridDifferentialEvolutionPSO,False,unif,0.6529816,0.024312513,0.191075,0.056375075,0.0752559,ok
7011c1c5-fec8-47f2-8522-0b48c4b34159,RefinedHybridDifferentialEvolutionPSO,False,unif,0.6529816,0.024312513,0.191075,0.056375075,0.0752559,ok
880c24e5-2471-49a7-bd4e-960bbb5a592e,ImprovedHybridDifferentialEvolutionPSO,False,unif,0.72662354,0.04179638,0.119545534,0.05246217,0.059572447,ok
ad217d3c-e606-47d9-af5f-59bae16ef25c,ImprovedHybridDifferentialEvolutionPSO,True,disc,0.5708816,0.0056638056,0.23921314,0.12721026,0.057031214,ok
357ae491-a0bd-4c12-83a1-d44ee7be5a31,EnhancedHybridDifferentialEvolutionPSO,True,disc,0.5768273,0.018528275,0.25353372,0.080520004,0.070590705,ok
65a2d032-b7a3-4f85-bd83-6da92b37f49f,ImprovedHybridDifferentialEvolutionPSO,False,unif,0.66900694,0.043172926,0.12677565,0.0949271,0.06611739,ok
39e2b765-399a-4d70-a1a7-48ba253b9465,EnhancedHybridDifferentialEvolutionPSO,True,disc,0.52386636,0.0029995902,0.24641943,0.18498924,0.041725397,ok
1d09b879-1b75-498c-9b83-6126cef5dd67,EnhancedHybridDEPSO,True,disc,0.5708816,0.0056638056,0.23921314,0.12721026,0.057031214,ok
bdfa4aa7-20b5-42e2-82c7-ea5a50d28060,EnhancedHybridDEPSO,False,unif,0.6529816,0.024312513,0.191075,0.056375075,0.0752559,ok
569ef702-99fd-4b97-a4b2-cd154be785f9,EnhancedAdaptiveDEPSOPlus,False,unif,0.6529816,0.024312513,0.191075,0.056375075,0.0752559,ok
1b554501-4d3d-404a-9408-2ce4812d2ade,EnhancedHybridDEPSO,False,unif,0.6529816,0.024312513,0.191075,0.056375075,0.0752559,ok
f37eba58-f846-4c74-b506-0f30152e420c,EnhancedNAPSO,True,gaps/clusters,2.7957387e-16,0.0005781245,2.5929318e-11,7.5674464e-29,0.99942195,ok
bac8f56c-fa2a-4d76-baac-566fe8cc1182,EnhancedHybridPSO_SA_Adaptive,True,gaps/clusters,1.630088e-11,1.7246912e-05,5.444726e-10,0.09446365,0.9055191,ok
d250efe8-9173-48a7-9327-f5a083b47f2a,EnhancedHybridPSO_SA_Adaptive,True,gaps/clusters,1.630088e-11,1.7246912e-05,5.444726e-10,0.09446365,0.9055191,ok
89a5f6a0-63ce-4685-9872-0173f454487a,EnhancedHybridPSO_SA_Adaptive,True,gaps/clusters,5.895727e-11,5.8750244e-05,8.2505044e-11,2.08863e-05,0.99992037,ok
faed13f8-e9fd-4205-92a8-8b6a9c6a1d78,EnhancedHybridPSO_SA_Adaptive,True,gaps/clusters,1.6392932e-11,2.5061769e-05,7.877745e-11,0.09446365,0.90551126,ok
22cddb35-e23d-46d8-a8ba-8fe6c1e37dd8,EnhancedHybridPSO_SA_Entropy,True,gaps/clusters,1.4794245e-10,9.859366e-07,8.0775985e-12,0.0075357677,0.9924633,ok
d3afd6b9-ae93-4d01-8c5a-dafa4d3ed881,EnhancedHybridPSO_SA_Adaptive_Improved,True,gaps/clusters,1.60206e-11,0.00023328855,5.5098294e-11,0.09446365,0.9053031,ok
5c63bcba-e8a7-4794-8a21-582695db36bd,EnhancedHybridPSO_SA_Adaptive,True,gaps/clusters,1.3034866e-10,2.9016069e-06,2.8372912e-11,0.09471218,0.9052849,ok
5f47d34a-22d8-4f7e-b08d-e0345984f94b,EnhancedHybridPSO_SA_Adaptive,True,gaps/clusters,5.895727e-11,5.8750244e-05,8.2505044e-11,2.08863e-05,0.99992037,ok
efcf1743-611e-4534-a499-09068789cf76,EnhancedHybridPSO_SA_Adaptive_Refined,True,gaps/clusters,4.8155552e-11,7.922216e-05,6.40618e-12,0.28339094,0.71652985,ok
a306c991-f7e8-4620-8daf-da4f5daf2f54,EnhancedHybridPSO_SA_Adaptive_Phased,True,gaps/clusters,6.014221e-11,3.9741113e-05,1.1013237e-10,7.3306896e-06,0.9999529,ok
0f70440e-a7dd-4561-9820-eb8d61755d77,EnhancedHybridPSO_SA_Adaptive,True,gaps/clusters,5.895727e-11,5.8750244e-05,8.2505044e-11,2.08863e-05,0.99992037,ok
74df7984-729f-4231-8d87-53a477d78a86,EnhancedHybridPSO_SA_Adaptive,True,gaps/clusters,1.6055771e-11,8.544822e-05,1.0476468e-10,0.09446365,0.90545094,ok
525718aa-42d1-441b-bc0f-2ffc51da64d0,EnhancedHybridPSO_SA_Adaptive,True,gaps/clusters,5.895727e-11,5.8750244e-05,8.2505044e-11,2.08863e-05,0.99992037,ok
9f837d9d-0df4-4714-8f5b-cb341cd5ebb3,EnhancedHybridPSO_SA_Adaptive,True,gaps/clusters,5.895727e-11,5.8750244e-05,8.2505044e-11,2.08863e-05,0.99992037,ok
8e11d0dd-7201-482b-b702-5d0633c5d07a,EnhancedHybridPSO_SA_Adaptive_Improved,True,gaps/clusters,5.895727e-11,5.8750244e-05,8.2505044e-11,2.08863e-05,0.99992037,ok
129f9e89-53b8-4854-af94-c36b8c0d50a2,EnhancedHybridPSO_SA_DynamicMutation,True,gaps/clusters,5.895727e-11,5.8750244e-05,8.2505044e-11,2.08863e-05,0.99992037,ok
d0dd44be-a711-43ec-beff-59cc17ad617e,EnhancedHybridPSO_SA_Cooperative,True,gaps/clusters,5.895727e-11,5.8750244e-05,8.2505044e-11,2.08863e-05,0.99992037,ok
f05e31bf-2f25-442d-8143-e09aa5eb5d70,EnhancedHybridPSO_SA_AdaptiveV2,True,gaps/clusters,5.662366e-11,0.00022861494,2.4320147e-11,0.00012250224,0.99964887,ok
31710b39-4640-4859-a793-8d8b50ee839f,EnhancedHybridPSO_SA_Adaptive_Improved,True,gaps/clusters,5.895727e-11,5.8750244e-05,8.2505044e-11,2.08863e-05,0.99992037,ok
cdf490af-4ba2-4600-90fe-fadee6a1b0f8,EnhancedHybridPSO_SA_Adaptive,True,gaps/clusters,4.8125448e-11,6.955898e-05,5.9932316e-11,0.28339094,0.71653956,ok
11283ebd-2f65-4dd6-b25a-353a572b3bf1,EnhancedHybridPSO_SA_Adaptive,True,gaps/clusters,5.862612e-11,6.043139e-05,1.0357554e-10,2.801618e-05,0.9999115,ok
1b847e35-a622-42ea-8b7a-6b97e75e7bf1,EnhancedHybridPSO_SA_Adaptive,True,gaps/clusters,5.895727e-11,5.8750244e-05,8.2505044e-11,2.08863e-05,0.99992037,ok
3f15aaa2-d785-4889-a1ca-ffee109f6b57,EnhancedMultiStrategyOptimizer,False,unif,0.60116553,0.004053705,0.26853925,0.06561266,0.06062883,ok
e28d1144-cd3a-4eb9-a8fa-0497270ed00e,EnhancedMultiStrategyOptimizer,False,unif,0.60116553,0.004053705,0.26853925,0.06561266,0.06062883,ok
02503fc4-8459-4371-9564-980bef782078,EnhancedMultiStrategyOptimizer,False,unif,0.60116553,0.004053705,0.26853925,0.06561266,0.06062883,ok
8a95427e-23a6-4bf4-a3fc-a6323e52f5a5,EnhancedMultiStrategyOptimizer,False,unif,0.60116553,0.004053705,0.26853925,0.06561266,0.06062883,ok
552ea91e-5aaf-4e12-b456-2cf3aed6240b,EnhancedMultiStrategyOptimizer,True,disc,0.49146992,0.0025005122,0.24766564,0.18432388,0.07404004,ok
669f9782-39d9-48e8-80a8-e05952658790,EnhancedMultiStrategyOptimizer,True,disc,0.58375216,0.020574784,0.17640555,0.14625332,0.073014215,ok
10670a65-e06a-4e98-b7f2-bd33e0b92ff7,EnhancedMultiStrategyOptimizer,True,disc,0.58375216,0.020574784,0.17640555,0.14625332,0.073014215,ok
55f931cb-e431-4b29-a78c-845d059e544a,AdvancedMultiStrategyOptimizer,True,bounds,0.38962612,0.004400933,0.21867993,0.3084425,0.07885058,ok
045847c2-66be-41c5-aa9f-ce7791501404,AdvancedMultiStrategyOptimizer,True,bounds,0.38962612,0.004400933,0.21867993,0.3084425,0.07885058,ok
f0233196-c919-4460-9021-8c168e342c4b,AdvancedMultiStrategyOptimizer,True,bounds,0.38962612,0.004400933,0.21867993,0.3084425,0.07885058,ok
4696bf73-a92c-4822-a9ba-9ab3ed171ff9,RefinedHybridPSO_DE,True,disc,0.3945795,0.00025697803,0.26708347,0.26631472,0.07176535,ok
97027ae7-2941-410f-ad2d-b3d97b50d3ca,EnhancedHybridPSO_DE,False,unif,0.7626419,0.007451466,0.16060045,0.022129495,0.047176734,ok
114caca8-ee0d-416f-a7f7-62f25977e462,RefinedHybridPSO_DE,True,bounds,0.29278782,0.012238344,0.057518847,0.55417573,0.08327924,ok
1fa59511-b9a1-4a6e-80dd-573cb81d1faa,EnhancedHybridPSO_DE,True,bounds,0.5281972,0.0015156148,0.20197996,0.2045612,0.06374595,ok
2bb24980-ef54-4fc2-b8fa-75de68a93083,EnhancedHybridPSODE_v2,True,disc,0.5547271,0.0015046501,0.20661335,0.155037,0.08211793,ok
24b0b5ae-ed51-4cd8-a8d9-75229e7898a2,EnhancedHybridPSODE,True,disc,0.5547271,0.0015046501,0.20661335,0.155037,0.08211793,ok
93d9723b-8ca2-4e31-b25f-4966a96f7218,HPSO_ADE_Enhanced,False,unif,0.72872466,0.06498484,0.13006416,0.015272926,0.06095338,ok
6e204176-47a7-4b1c-8d22-2e6fa748acde,HPSO_ADE_Enhanced,False,unif,0.67383945,0.06347729,0.18058541,0.016563477,0.06553429,ok
93947c9b-4b39-428c-b798-d59f14b802b7,HPSO_ADE_Enhanced,False,unif,0.76501906,0.062364798,0.09738575,0.015034735,0.060195643,ok
c03c0e49-824b-4c39-b7f9-2cec3935767b,HPSO_ADE_Enhanced,False,unif,0.74040383,0.0057683787,0.18670103,0.02069593,0.04643078,ok
defe3ba0-85d6-4f1f-a4f9-776e341cee96,HPSO_ADE_Enhanced_Quantum,False,unif,0.7009034,0.086379185,0.07047732,0.047681116,0.09455895,ok
8e960925-f9f4-4dd8-9b9b-1352cd9490be,HPSO_ADE_Levy,False,unif,0.72320956,0.010976561,0.08591002,0.07089714,0.1090067,ok
d6decf6e-9591-4616-9bbd-d6de71c24631,HPSO_ADE_Enhanced,True,bounds,0.04368842,2.2526487e-05,0.027845195,0.867932,0.06051184,ok
5ec51c11-b482-4df7-aefe-648b382cebda,HPSO_ADE_Enhanced,False,unif,0.72872466,0.06498484,0.13006416,0.015272926,0.06095338,ok
7f01f0d7-d3df-433c-8f91-c5bb05b98cb3,HPSO_ADE_Enhanced,False,unif,0.821746,0.0341028,0.08731953,0.010559219,0.046272412,ok
298bbfd5-4499-4695-9958-47e8dd8823eb,HPSO_ADE_Enhanced,False,unif,0.73580027,0.005661995,0.18662596,0.024239186,0.04767254,ok
97e717a9-b939-4e9f-b369-c8db5b32de8c,HPSO_ADE_Enhanced,True,bounds,0.18947141,0.0010092428,0.12460305,0.6326173,0.05229903,ok
71206063-f8c2-4769-9d15-c271c5da0946,HPSO_ADE_Enhanced,True,bounds,0.25773838,0.0008226173,0.059814267,0.61467373,0.066951,ok
ad51ff23-0992-45d3-98a6-a11db9ca377c,HPSO_ADE_Enhanced,True,bounds,0.25773838,0.0008226173,0.059814267,0.61467373,0.066951,ok
ebad4e3f-b4ef-4dba-9ea0-462067fb5a5f,HPSO_ADE_Enhanced,True,bounds,0.32919237,0.00029058577,0.14743017,0.4497684,0.07331844,ok
93a838b0-b406-4dc1-870d-da89e7734d58,HPSO_ADE_Enhanced,True,bounds,0.46227497,0.0072225267,0.063733585,0.416754,0.050014924,ok
b65e9cb9-9ff1-4d82-a0e8-002b55b3789d,HPSO_ADE_Enhanced,True,bounds,0.18947141,0.0010092428,0.12460305,0.6326173,0.05229903,ok
119b2c53-7178-4634-8938-426d777231bf,HPSO_ADE_Enhanced,True,bounds,0.18947141,0.0010092428,0.12460305,0.6326173,0.05229903,ok
749f47eb-e337-462f-834c-f2e054f56e85,HPSO_ADE_Enhanced,True,bounds,0.41290277,0.0002651745,0.15342188,0.37013435,0.06327579,ok
22c028e5-66a0-4196-8842-c30bccc8704f,HPSO_ADE_Enhanced,True,bounds,0.35358334,0.0006981815,0.122289374,0.48575073,0.037678324,ok
a5501879-ad34-4f34-aaee-8306dab51582,HPSO_ADE_Enhanced,True,bounds,0.16197978,0.0007640435,0.07516302,0.7338468,0.028246347,ok
1fa7e61f-4e69-4052-8286-ee1e5c12b77c,HPSO_ADE_Enhanced,True,bounds,0.16197978,0.0007640435,0.07516302,0.7338468,0.028246347,ok
547e3852-6428-45e5-8805-2e5201ac8c0c,HPSO_ADE_Enhanced,True,bounds,0.14072378,0.0024240776,0.05881252,0.7514638,0.046575896,ok
a80e45ad-a64c-454f-8ccb-cb3e552799f0,HPSO_ADE_Enhanced,True,bounds,0.21459135,0.0004946658,0.10030337,0.6342405,0.050370086,ok
b7a1d013-c6a5-49ad-bdc1-1a94c4038511,Enhanced_HPSO_ADE,True,bounds,0.21329375,6.573109e-05,0.113504946,0.6419886,0.031147014,ok
702b054e-d8bb-4abc-9854-b06f5f26858e,Enhanced_HPSO_ADE,True,bounds,0.0015710214,6.126355e-10,0.0010047924,0.9877907,0.009633492,ok
d02b3079-bab5-4570-9070-38144c5af122,HPSO_ADE_Enhanced,True,bounds,0.23586528,0.0004199734,0.14556684,0.5649694,0.05317851,ok
40aa176c-3d26-4bc4-b1dd-b2a7400e0e95,HPSO_ADE_Enhanced,True,bounds,0.15529375,0.0010929795,0.1087724,0.688612,0.046228893,ok
88e4bb8e-2ed8-4cf4-8b9c-7813815aa9c9,HPSO_ADE_Enhanced_V2,True,bounds,0.16207549,0.02281681,0.049898185,0.69625443,0.068955086,ok
6b9eea36-185d-40b1-970c-540120dbf1d6,HPSO_ADE_Enhanced,True,bounds,0.38924405,0.000115825285,0.16403516,0.39592323,0.05068172,ok
ba601f43-5b3a-4198-816f-c54d6b5e1047,HPSO_ADE_T_C_Enhanced,True,bounds,0.16197978,0.0007640435,0.07516302,0.7338468,0.028246347,ok
e4d0d2ec-2248-4028-8d70-42ce921e7be8,HPSO_ADE_Enhanced,True,bounds,0.16197978,0.0007640435,0.07516302,0.7338468,0.028246347,ok
1d459d82-907c-4f9d-997c-1e2a5a029954,HPSO_ADE_Enhanced_v2,True,bounds,0.038630277,5.9599677e-07,0.025636915,0.91607124,0.019661006,ok
01d7cdb7-2368-41e2-b3a9-2b9bbdc8179d,HPSO_ADE_MemoryEnhanced,True,bounds,0.31433812,4.3965156e-05,0.18021426,0.4501552,0.05524843,ok
887def86-e3b3-4fe4-b2d7-f09fb54a6ffc,HPSO_ADE_Enhanced,False,unif,0.69460213,0.049536534,0.12138957,0.04841035,0.086061396,ok
dbc8596e-91aa-4c54-8b90-36a190cde957,HPSO_ADE_Enhanced,True,bounds,0.24326622,0.0002919287,0.17583649,0.54640883,0.034196552,ok
07829a51-e421-4174-82b0-e837306b32ed,HPSO_ADE_Enhanced_V2,True,bounds,0.003543064,3.239617e-06,0.0010893968,0.9900528,0.00531149,ok
cbb9df87-8b0c-4c2e-b762-ec9c0c12d918,HPSO_ADE_Enhanced,True,bounds,0.06662212,1.060548e-05,0.0496996,0.85256004,0.031107614,ok
881bb9b6-ac91-4235-a8e8-4f9384c2e9ff,HPSO_ADE_Enhanced,True,bounds,0.011370288,1.5846767e-08,0.007533668,0.97057325,0.010522778,ok
409fa2bf-ebd5-443b-9fad-c9ad743be5af,HPSO_ADE_LF_Chaos,True,bounds,0.028543223,5.018421e-07,0.020099677,0.9395914,0.01176518,ok
67bff410-a9b1-44bd-bf73-c4d19bcb5b22,HPSO_ADE_AdaptiveNeighborhood,True,bounds,0.4082467,0.0009350915,0.061101265,0.44624916,0.083467826,ok
085de988-d2fd-4f3b-988f-b3f0504f4ead,HPSO_ADE_AdaptiveNeighborhood,True,bounds,0.5436153,0.0035626893,0.09908455,0.28379628,0.06994121,ok
71de0aff-85d7-47c4-9e6f-f88b59bac193,HPSO_ADE_AdaptiveNeighborhood,True,bounds,0.4082467,0.0009350915,0.061101265,0.44624916,0.083467826,ok
fec8f500-2d2b-427e-9187-c84b49a5fb02,Improved_HPSO_ADE_AdaptiveNeighborhood,True,bounds,0.3264925,0.00029741848,0.13737233,0.49581546,0.040022265,ok
a8131566-c483-42bb-9318-13d7c673440b,HPSO_ADE_AdaptiveNeighborhood,True,bounds,0.4082467,0.0009350915,0.061101265,0.44624916,0.083467826,ok
c8f457cf-89d3-4c81-a0c7-cebfdc5d5a3f,HPSO_ADE_AdaptiveNeighborhood,True,bounds,0.4082467,0.0009350915,0.061101265,0.44624916,0.083467826,ok
cec86453-cb10-4065-851e-3e7bcff6d6b3,EnhancedHPSO_ADE,True,centre,0.030275235,0.78345513,0.0012817594,8.869632e-08,0.18498781,ok
1973615e-4b91-480b-a918-e490249bf2db,HPSO_ADE_AdaptiveNeighborhood,True,bounds,0.62798464,0.0018990036,0.07404848,0.25210002,0.043967832,ok
78f6daea-524a-4736-988d-525511e420de,HPSO_ADE_AdaptiveNeighborhood,True,bounds,0.4082467,0.0009350915,0.061101265,0.44624916,0.083467826,ok
85dd3acf-d51d-4d7f-9b54-124266a2ecf6,HPSO_ADE_AdaptiveNeighborhood,True,bounds,0.4082467,0.0009350915,0.061101265,0.44624916,0.083467826,ok
44efa99f-488b-434d-a732-789428692a41,HPSO_ADE_AdaptiveNeighborhood,True,bounds,0.4082467,0.0009350915,0.061101265,0.44624916,0.083467826,ok
3d78ec84-7253-4522-8cd0-fdff592baec3,HPSO_ADE_AdaptiveNeighborhood,True,bounds,0.42878932,0.0036639958,0.07286878,0.43637,0.058307935,ok
8ce3bbbe-f14c-49dd-a45b-60086f74d45d,HPSO_ADE_MultiPhaseChaos,True,bounds,0.5081833,0.0016244806,0.09282022,0.33938164,0.057990383,ok
1710012b-f69b-459d-a112-c081b78cdc46,HPSO_ADE_AdaptiveNeighborhood,True,bounds,0.4082467,0.0009350915,0.061101265,0.44624916,0.083467826,ok
7c3fab69-9b3b-4fdf-9f81-64c1b563a9d1,HPSO_ADE_AdaptiveNeighborhood,True,bounds,0.4082467,0.0009350915,0.061101265,0.44624916,0.083467826,ok
eb210d59-4968-4c9d-9b85-0afea09d762f,EnhancedHybridPSO_DE,False,unif,0.72699124,0.12338696,0.06137956,0.016716432,0.07152583,ok
e7f8f4ca-f8fa-4e0c-9c2f-c678e721e6ee,EnhancedHybridPSO_DE_SA,False,unif,0.75122607,0.015776308,0.08470251,0.05711723,0.091177955,ok
f4259380-d8d7-41fd-baf5-a038b201c097,RefinedHybridPSODE,False,unif,0.4750226,0.013985975,0.01855229,0.33953804,0.15290117,ok
8334d21e-e09e-47f0-bc41-dac196f84a27,RefinedHybridPSODE,False,unif,0.4750226,0.013985975,0.01855229,0.33953804,0.15290117,ok
8e77b84c-9aab-4228-9fa1-99bfce511178,RefinedHybridPSODE,False,unif,0.4750226,0.013985975,0.01855229,0.33953804,0.15290117,ok
d4ceb08c-52cf-496e-a322-6b904e8b8629,EnhancedAdaptiveHybridPSODE,False,unif,0.4750226,0.013985975,0.01855229,0.33953804,0.15290117,ok
4e0a7c2a-a9ff-4d14-8015-c0a25fff351a,RefinedHybridPSODE,False,unif,0.4750226,0.013985975,0.01855229,0.33953804,0.15290117,ok
aebae6c6-ecff-4579-963c-6ae4c3b46988,RefinedHybridPSODE,False,unif,0.4750226,0.013985975,0.01855229,0.33953804,0.15290117,ok
34a0a9ed-fe92-4373-9793-a92b98d938c1,RefinedHybridPSODE,False,unif,0.4750226,0.013985975,0.01855229,0.33953804,0.15290117,ok
87eb73fb-44cb-4740-890f-282738e56def,RefinedHybridPSODE,False,unif,0.4750226,0.013985975,0.01855229,0.33953804,0.15290117,ok
d5d363ef-dd31-46ec-a3dc-81b26478a730,RefinedHybridPSODE,False,unif,0.4750226,0.013985975,0.01855229,0.33953804,0.15290117,ok
488b29d1-84bf-4ed7-9316-c257990b37f6,EnhancedHybridPSODE,False,unif,0.4750226,0.013985975,0.01855229,0.33953804,0.15290117,ok
0230427a-9ff7-4f9e-a2c4-bd846e838801,EnhancedHybridPSODE,False,unif,0.4750226,0.013985975,0.01855229,0.33953804,0.15290117,ok
0aaa85e2-f6ed-469f-a1c9-bb8fe050e569,EnhancedHybridPSODE,False,unif,0.4750226,0.013985975,0.01855229,0.33953804,0.15290117,ok
23db54f3-04f2-4e6c-8fc5-0589ad4cf788,EnhancedHybridPSODE,False,unif,0.4750226,0.013985975,0.01855229,0.33953804,0.15290117,ok
267fb132-174c-421c-a6ce-0924165b1885,EnhancedHybridPSODE,False,unif,0.4750226,0.013985975,0.01855229,0.33953804,0.15290117,ok
3da34ee8-ea79-4a97-b419-b8689b677802,RefinedHybridPSODE,False,unif,0.4750226,0.013985975,0.01855229,0.33953804,0.15290117,ok
a6c5bc6e-db38-4351-99cd-e9b357a73a00,EnhancedHybridPSODE,False,unif,0.4750226,0.013985975,0.01855229,0.33953804,0.15290117,ok
4a424217-924c-42e1-8d27-4711d472a907,EnhancedHybridPSODE,False,unif,0.4750226,0.013985975,0.01855229,0.33953804,0.15290117,ok
fe7f22b7-fc78-4736-aa50-c64c3d5c4b50,RefinedHybridPSODE,False,unif,0.4750226,0.013985975,0.01855229,0.33953804,0.15290117,ok
2e4c9d47-93f1-4075-b270-6d02b65b12d1,RefinedHybridPSODEV2,False,unif,0.4750226,0.013985975,0.01855229,0.33953804,0.15290117,ok
5c49fc1b-2497-4ce3-8c5e-96bddb871fea,EnhancedHybridPSODE,False,unif,0.4750226,0.013985975,0.01855229,0.33953804,0.15290117,ok
6b1e00fc-4cb0-4ae7-9ac9-6ab597a3b8e9,RefinedHybridPSODE,False,unif,0.6660796,0.01825994,0.028113881,0.19793187,0.08961463,ok
95c6af95-60d5-4191-a23b-15797ee9bb29,RefinedHybridPSODE,False,unif,0.4750226,0.013985975,0.01855229,0.33953804,0.15290117,ok
e3ff7158-8ed5-45ba-afef-7a91fa614679,RefinedHybridPSODE,False,unif,0.4750226,0.013985975,0.01855229,0.33953804,0.15290117,ok
9472e38e-0d10-4eae-837d-2f6ac610c306,RefinedHybridPSODE,False,unif,0.4750226,0.013985975,0.01855229,0.33953804,0.15290117,ok
b6eec9ad-5c90-4380-a684-977b51bdd355,RefinedHybridPSODE,False,unif,0.4750226,0.013985975,0.01855229,0.33953804,0.15290117,ok
b0da071f-b1ae-478f-bef7-b6b160c1c49b,RefinedHybridPSODE,False,unif,0.4750226,0.013985975,0.01855229,0.33953804,0.15290117,ok
d285dcb2-5602-4fb2-a60a-2f8295bee379,RefinedHybridPSODE,False,unif,0.4750226,0.013985975,0.01855229,0.33953804,0.15290117,ok
68567a6d-cdba-4cd3-840f-0086f27d5c80,RefinedDynamicChaosPSODE,False,unif,0.4750226,0.013985975,0.01855229,0.33953804,0.15290117,ok
cba1feef-765a-4be4-8fc5-e2aca4f1cc0c,RefinedDynamicLearningPSODE,False,unif,0.4750226,0.013985975,0.01855229,0.33953804,0.15290117,ok
e7031d1a-fb96-4a1f-9a9c-92fab57a310f,RefinedDynamicLearningPSODE,False,unif,0.4750226,0.013985975,0.01855229,0.33953804,0.15290117,ok
81f58657-f881-491a-b9b3-e1b7d451654b,RefinedDynamicLearningPSODE,False,unif,0.4750226,0.013985975,0.01855229,0.33953804,0.15290117,ok
cb819679-5c92-4071-a167-c9825153b641,AdaptiveAttractionMultiSwarmPSO,False,unif,0.4750226,0.013985975,0.01855229,0.33953804,0.15290117,ok
793b518f-b336-435f-b679-fc38638779d0,HybridPSODE,True,gaps/clusters,8.146204499999999e-33,0.0,1.1544082e-33,3.368187e-15,1.0,ok
d77c2fec-bc01-47f4-8c64-41e126a17ca9,EnhancedHybridPSODE,True,bounds,0.367586,0.10127298,0.017001634,0.2682696,0.24586976,ok
430eb646-bdbf-42cf-b3a2-325e3b309353,EnhancedHybridPSODE_SA,True,bounds,0.011212328,1.0487651e-06,0.015404651,0.9702004,0.0031815253,ok
0ff78ade-28db-4bea-af0c-cf98e3ad2519,HybridPSODE,True,centre,0.51400626,0.27738935,0.07879109,0.00033724945,0.12947598,ok
dcb86a3e-7322-4c25-998b-368983931bf1,EnhancedHybridPSOAnnealing,True,bounds,2.8644969e-05,2.0451443e-09,6.827909e-06,0.9946238,0.00534081,ok
4b828a22-4ce9-4659-a9ca-f123d27f1341,EnhancedDAPSO,False,unif,0.7589153,0.030685216,0.13253805,0.023434985,0.054426454,ok
088e9041-90b3-40c0-8e02-75ce70bc261d,EnhancedDAPSO,True,bounds,0.28964192,0.0001012292,0.122488596,0.54021573,0.047552563,ok
0b58708d-914e-485a-b2c5-00e700ff532a,EnhancedDAPSO_Quantum,False,unif,0.7280161,0.04007244,0.14629315,0.025009444,0.060608864,ok
b3db6074-9c9c-4065-bc80-db907233e43e,MPDEPSO,False,unif,0.76644593,0.028033715,0.132053,0.021960223,0.051507093,ok
ab25869c-2c18-442e-b8c6-e55208d66c48,EnhancedDAPSO,False,unif,0.7770525,0.024020769,0.11860104,0.02950564,0.05082,ok
15fdd2a7-4c1b-4b68-8079-3521855fc4be,EnhancedDAPSO,False,unif,0.7602743,0.02132711,0.13222702,0.034292646,0.05187887,ok
7fc53f63-0c42-4432-99f6-f2d019ede9a7,EnhancedDAPSO,False,unif,0.7784624,0.032229744,0.11342237,0.023238573,0.052646898,ok
8a06483e-f23f-4061-bb7f-01fc35ee5b65,EnhancedDAPSO,False,unif,0.7770525,0.024020769,0.11860104,0.02950564,0.05082,ok
ec570545-6b37-4577-855b-4ecf99350a22,EnhancedDAPSO,False,unif,0.7770525,0.024020769,0.11860104,0.02950564,0.05082,ok
ae3dc198-d644-4bc9-bdfd-cdadea2c6be8,EnhancedDAPSO,False,unif,0.79184645,0.025436241,0.102633104,0.029319417,0.050764788,ok
1945e5e7-d85b-4b28-9f62-9477f2c700fc,EnhancedDAPSO,False,unif,0.8060852,0.028590674,0.08466979,0.028165687,0.052488558,ok
bf66b64e-28fc-4eef-81db-4b885e027cea,EnhancedDAPSO,False,unif,0.79184645,0.025436241,0.102633104,0.029319417,0.050764788,ok
ef4074ad-ca7d-4e5b-9209-2c6956cb4639,EnhancedDAPSO,False,unif,0.7505728,0.016692288,0.1455111,0.03571894,0.051504932,ok
99d3bc92-fedf-49d9-8595-34192ea17953,AdaptiveSubgroupDAPSO,False,unif,0.79514414,0.026090298,0.098890744,0.028803483,0.051071305,ok
c812eead-f678-455b-a1df-c2fe436d833e,EnhancedDAPSO,False,unif,0.79184645,0.025436241,0.102633104,0.029319417,0.050764788,ok
374eedf9-5a5e-406e-a149-73f7986cb7b8,EnhancedDAPSO,False,unif,0.7759098,0.03693109,0.110093236,0.02780955,0.04925632,ok
ce507164-18f4-49a0-a70a-d3a4cb2428e8,AdaptiveDAPSO,False,unif,0.79184645,0.025436241,0.102633104,0.029319417,0.050764788,ok
8d5f4304-3b98-4c6d-b9f8-f4df1df77ecd,EnhancedDAPSO,False,unif,0.77960515,0.037894167,0.10549978,0.021317443,0.055683453,ok
2d9054a9-8e81-481e-855d-31678c923eec,EnhancedDAPSO_V2,False,unif,0.79457945,0.026248524,0.098471805,0.02931841,0.051381778,ok
3169c9e7-80ac-4e0f-aa15-3da03bce626f,EnhancedDAPSO,False,unif,0.79184645,0.025436241,0.102633104,0.029319417,0.050764788,ok
f77c5e98-6b7c-4490-9ef5-7acf21e44eb0,EnhancedDAPSO,False,unif,0.79184645,0.025436241,0.102633104,0.029319417,0.050764788,ok
53a6f1e6-c55f-4b0a-87fb-a6a391925df2,EnhancedDAPSO,False,unif,0.7872304,0.02547189,0.10883651,0.025865734,0.052595515,ok
07ac7628-c079-438b-b4ea-63b142b8cdd2,EnhancedDAPSO,True,bounds,0.5514376,0.004678796,0.14634094,0.23071401,0.066828564,ok
a80e41e3-53b4-41dc-84bf-fc7a61f68ece,EnhancedDAPSO,False,unif,0.6805434,0.05617979,0.09458126,0.10849114,0.06020438,ok
55b7e3ff-e0b2-4615-8fd0-b07e5041fa31,EntropyDAPSO,True,bounds,0.5105504,0.009808407,0.1320175,0.27258208,0.075041614,ok
ca2472a2-c5ee-491a-a278-9d0461e1d3b0,AdaptiveChaosPSO,False,unif,0.7976257,0.026525507,0.09644462,0.028076753,0.05132739,ok
e6962654-f35f-43c2-995b-bafc9b14ce15,EnhancedDAPSO,False,unif,0.7995416,0.026156351,0.09422447,0.028798148,0.051279396,ok
bd8f7054-6f09-4631-9835-d0e03acf1111,EnhancedDAPSO,False,unif,0.79184645,0.025436241,0.102633104,0.029319417,0.050764788,ok
7806c9ea-458b-47f6-888d-7a224649ff46,EnhancedDAPSO,False,unif,0.79514414,0.026090298,0.098890744,0.028803483,0.051071305,ok
5ad954a6-9380-46a2-806c-3752daab8c34,EnhancedDAPSO,False,unif,0.6307908,0.014834689,0.16662851,0.07617363,0.11157225,ok
585524e0-ad1f-4331-bc70-f20e3df62756,EnhancedDAPSO_v2,False,unif,0.6430736,0.02650553,0.15084572,0.08497868,0.09459649,ok
691219e3-148e-41a7-8dc4-dbc1a1f241ba,EnhancedDAPSO,True,disc,0.6211463,0.011472801,0.21109518,0.09726351,0.05902215,ok
0e566e56-2db2-4fbf-b4fd-a604516c0b43,EnhancedDAPSOPlus,True,disc,0.61287546,0.0036396415,0.19120295,0.14485346,0.047428466,ok
125b3775-b37a-46d0-a2e4-a1da18d06346,EnhancedDAPSO,False,unif,0.6136083,0.005341296,0.17072092,0.13274285,0.077586606,ok
25674420-fcc2-44b8-be16-a74c3f29e5e1,RefinedDAPSO,False,unif,0.7486712,0.024761407,0.15174648,0.025936207,0.048884757,ok
78464335-0aaa-41b3-86af-d86ba9f47f13,EnhancedDAPSO,False,unif,0.6307908,0.014834689,0.16662851,0.07617363,0.11157225,ok
5f0fbe29-1409-4e1a-b605-16c21eb49628,EnhancedDAPSO,False,unif,0.6625606,0.013674565,0.14361532,0.07370725,0.10644231,ok
7366a003-63da-4133-b3b4-194ac12906f7,EnhancedDAPSO,True,gaps/clusters,0.08804051,0.096671194,0.013884062,0.010444938,0.7909593,ok
42c50784-1bb4-4cf5-b43a-c7083aa2ec01,RefinedDAPSO,True,disc,0.5774657,0.012394937,0.1692938,0.13195273,0.10889282,ok
787a23be-8c5b-459c-b960-2b90d69de65a,EnhancedDAPSO,False,unif,0.69286126,0.020462753,0.16142854,0.03632619,0.08892121,ok
70f69224-f2ef-49fb-b8cd-9dc60682d231,EnhancedDAPSO_Refined,False,unif,0.6561354,0.016599167,0.15949394,0.069434084,0.0983374,ok
7bf989c1-e4ee-492b-ac53-2efbd8be2de9,EnhancedDAPSO,True,bounds,0.58654815,0.004294465,0.16304943,0.19611509,0.049992863,ok
faa07338-fbfd-41ef-82c5-bb99d08bf8a5,EnhancedDAPSO,False,unif,0.66415936,0.010750813,0.12042506,0.09092989,0.11373486,ok
0d332f45-b067-474e-97d8-4033707bd93a,EnhancedDAPSO,False,unif,0.73672,0.0582596,0.12626997,0.021409351,0.05734099,ok
c8cb83ae-6d04-4e94-96d8-585b165e12b8,EnhancedDAPSO,True,disc,0.5607407,0.015048461,0.25045025,0.066652656,0.10710796,ok
2b181627-a03d-48d2-9273-6f17ba51ead6,EnhancedDAPSO,True,bounds,0.46565747,0.00616314,0.15729637,0.2921235,0.078759514,ok
75c425b6-0b3f-4412-b03f-6d6c779f0969,AdaptiveChaosDAPSO,False,unif,0.7432326,0.026027989,0.1465554,0.029440662,0.05474328,ok
612e590b-5eff-4701-aae1-3653d48886bd,AdaptiveSwarmOptimizer,True,bounds,0.62312824,0.012293471,0.10745539,0.13773371,0.11938925,ok
14fef709-3104-41c3-9343-950bbbb0c4d0,EnhancedDAPSO,False,unif,0.65607363,0.01437627,0.14239867,0.07467224,0.112479195,ok
14dd28ef-1f73-4eb4-9e53-41113301831a,EnhancedDAPSO,True,bounds,0.609546,0.015785266,0.12308429,0.15400013,0.09758435,ok
702e3130-4c2b-441e-8363-b752c52476f5,EnhancedDAPSO,True,disc,0.574413,0.012806329,0.22049804,0.07248242,0.119800165,ok
326ffc75-6ccc-4f4c-9d1e-ceb7afe238ba,EnhancedDAPSO,False,unif,0.6333549,0.014468347,0.15905252,0.07696457,0.116159655,ok
a4e91e2b-2211-4162-9c3f-760239bbf1c1,EnhancedDAPSO,False,unif,0.63153076,0.01054966,0.12561738,0.14231765,0.08998458,ok
e27bed6a-0aca-4cec-abbc-6234fef7dd8e,EnhancedDAPSO,False,unif,0.6307908,0.014834689,0.16662851,0.07617363,0.11157225,ok
5f29b94f-afc8-453a-85e6-6a7f550b733f,EnhancedDAPSO,True,bounds,0.62312824,0.012293471,0.10745539,0.13773371,0.11938925,ok
e7934daa-32a7-4f1a-95eb-ad0738cedf86,RefinedDAPSO,False,unif,0.7567792,0.057359904,0.10183153,0.023639765,0.06038963,ok
52e8fca3-deb6-431a-964c-28f690f33052,EnhancedDAPSO,False,unif,0.68147767,0.03167399,0.10114207,0.047509186,0.13819705,ok
a11ca40e-90db-4dc4-a9db-d527bb28fd59,EnhancedDAPSO,False,unif,0.6307908,0.014834689,0.16662851,0.07617363,0.11157225,ok
a534973d-9a18-43f9-88cb-7829bba8d902,RefinedDAPSO,False,unif,0.6307908,0.014834689,0.16662851,0.07617363,0.11157225,ok
23bb7d56-e933-4dcb-be19-9585bd9b16b4,HybridPSODE,True,gaps/clusters,7.820697e-13,0.00020124768,3.0971248e-10,2.8270448e-09,0.99979866,ok
edc5e0dd-e388-414f-924d-fe15f37e9013,HybridPSODE,True,gaps/clusters,7.820697e-13,0.00020124768,3.0971248e-10,2.8270448e-09,0.99979866,ok
e1d952f4-9375-41db-a4ec-0bba05364a75,EnhancedDAPSO,True,disc,0.61259687,0.010100904,0.16511777,0.105316564,0.10686785,ok
f5d4b248-a4ac-40c6-8676-ab345815a31b,EnhancedDAPSO,False,unif,0.65460813,0.014637196,0.13062713,0.082229495,0.11789806,ok
e6e08f6a-2c7d-43df-917b-cd5db597b892,EnhancedHybridPSODE,True,gaps/clusters,7.820697e-13,0.00020124768,3.0971248e-10,2.8270448e-09,0.99979866,ok
8e1750cd-473d-4bd4-9134-0733d2b9c6f0,EnhancedHybridPSODE,True,gaps/clusters,7.820697e-13,0.00020124768,3.0971248e-10,2.8270448e-09,0.99979866,ok
b1b4efcf-605c-4278-b7e1-5a3b9a288434,EnhancedHybridPSODE,True,gaps/clusters,7.820697e-13,0.00020124768,3.0971248e-10,2.8270448e-09,0.99979866,ok
34b2021f-7ffc-4196-bcb8-1dca28c4b3c6,EnhancedHybridPSODE,True,gaps/clusters,7.820697e-13,0.00020124768,3.0971248e-10,2.8270448e-09,0.99979866,ok
1881ccdf-6046-4be2-af03-6940adb6d8b7,EnhancedHybridPSODE,True,gaps/clusters,7.820697e-13,0.00020124768,3.0971248e-10,2.8270448e-09,0.99979866,ok
15ce16d0-c9ba-49a1-a7d4-a92e9a93ce0f,EnhancedHybridPSODE,True,gaps/clusters,7.820697e-13,0.00020124768,3.0971248e-10,2.8270448e-09,0.99979866,ok
91a9e09d-513f-4d75-acc3-241260f75661,EnhancedHybridPSODE,True,gaps/clusters,7.820697e-13,0.00020124768,3.0971248e-10,2.8270448e-09,0.99979866,ok
df791b94-5949-4b30-95d0-4a78b9108312,AdvancedAdaptivePSODE,True,gaps/clusters,7.820697e-13,0.00020124768,3.0971248e-10,2.8270448e-09,0.99979866,ok
50f62098-2ee1-426d-b8b6-8bec3f94a0b7,RefinedEnhancedHybridPSODE,True,gaps/clusters,7.820697e-13,0.00020124768,3.0971248e-10,2.8270448e-09,0.99979866,ok
7fb364c6-47b1-4320-bb93-40e1b83f5658,EnhancedHybridPSODE,True,gaps/clusters,7.820697e-13,0.00020124768,3.0971248e-10,2.8270448e-09,0.99979866,ok
3e099a9d-b6f5-4f77-b9db-de36811614de,EnhancedHybridPSODE,True,gaps/clusters,7.820697e-13,0.00020124768,3.0971248e-10,2.8270448e-09,0.99979866,ok
1e2ecc41-b7de-42ea-a3a5-e06f300e3840,EnhancedHybridPSODE,True,gaps/clusters,7.820697e-13,0.00020124768,3.0971248e-10,2.8270448e-09,0.99979866,ok
acb75e69-8106-4803-a1cb-c6657ed90afc,EnhancedHybridPSODE,True,gaps/clusters,7.820697e-13,0.00020124768,3.0971248e-10,2.8270448e-09,0.99979866,ok
243f1214-601a-4418-992b-5d0c1cfd83fd,EnhancedHybridPSODE,True,gaps/clusters,7.820697e-13,0.00020124768,3.0971248e-10,2.8270448e-09,0.99979866,ok
b1f5715a-7a38-4866-b7a3-3b45b890dd3d,EnhancedHybridPSODE,True,gaps/clusters,7.820697e-13,0.00020124768,3.0971248e-10,2.8270448e-09,0.99979866,ok
79b77ae8-4733-49e3-b3b1-f2e69b2e7304,EnhancedHybridPSODE,True,gaps/clusters,7.820697e-13,0.00020124768,3.0971248e-10,2.8270448e-09,0.99979866,ok
bc3ceee2-e89d-42cd-8a5f-08cc41bffe1c,EnhancedHybridPSODE,True,gaps/clusters,7.820697e-13,0.00020124768,3.0971248e-10,2.8270448e-09,0.99979866,ok
602241d4-ea2c-448c-9670-a382fcbe7b23,ImprovedHybridSwarm,True,gaps/clusters,7.820697e-13,0.00020124768,3.0971248e-10,2.8270448e-09,0.99979866,ok
920fb7c4-0475-44ec-a0a3-7868b50fb40a,EnhancedHybridPSODE,True,gaps/clusters,7.820697e-13,0.00020124768,3.0971248e-10,2.8270448e-09,0.99979866,ok
ab6449b1-a88c-4894-b91e-0b638513ad02,EnhancedHybridPSODE,True,gaps/clusters,7.820697e-13,0.00020124768,3.0971248e-10,2.8270448e-09,0.99979866,ok
95f75f65-b61f-4ab6-a409-7327fb54e003,EnhancedAdaptiveMultiSwarmPSODE,True,gaps/clusters,7.820697e-13,0.00020124768,3.0971248e-10,2.8270448e-09,0.99979866,ok
3fc43d66-4a1f-45e5-b872-23cbea78b9cd,RefinedAdaptiveMultiSwarmPSODE,True,gaps/clusters,7.820697e-13,0.00020124768,3.0971248e-10,2.8270448e-09,0.99979866,ok
bbcc68a5-d7bd-4bd2-b6c9-2ffdd0045078,EnhancedAdaptiveMultiSwarmPSODE,True,gaps/clusters,7.820697e-13,0.00020124768,3.0971248e-10,2.8270448e-09,0.99979866,ok
5aa98255-4fa1-43a8-b64a-892ed471d03b,AdvancedMultiStrategyPSODE,True,gaps/clusters,7.820697e-13,0.00020124768,3.0971248e-10,2.8270448e-09,0.99979866,ok
6650ad5a-4ea9-4637-9fed-26eecd42866f,RefinedAdaptiveMultiSwarmPSODE,True,gaps/clusters,7.820697e-13,0.00020124768,3.0971248e-10,2.8270448e-09,0.99979866,ok
aa0cb32d-49bc-4956-aedc-313cde9780db,ImprovedHybridPSODEv4,True,gaps/clusters,7.820697e-13,0.00020124768,3.0971248e-10,2.8270448e-09,0.99979866,ok
03ded9de-38d5-416a-87e5-e358af7f53fd,RefinedHybridPSODEv4,True,gaps/clusters,7.820697e-13,0.00020124768,3.0971248e-10,2.8270448e-09,0.99979866,ok
90c6f572-5878-466c-9dce-2970f66b537a,AdvancedChaoticAdaptivePSODEv4,True,gaps/clusters,7.820697e-13,0.00020124768,3.0971248e-10,2.8270448e-09,0.99979866,ok
00e54ef0-4948-4789-b501-12f32610aae4,HierarchicalAdaptiveSwarmPSO,True,gaps/clusters,7.820697e-13,0.00020124768,3.0971248e-10,2.8270448e-09,0.99979866,ok
42f65cde-3913-478e-adfe-c517a9e71316,DynamicSwarmAdaptiveLearningPSO,True,gaps/clusters,7.820697e-13,0.00020124768,3.0971248e-10,2.8270448e-09,0.99979866,ok
f07d8043-c033-44a3-8d35-9be6a46a6d62,EnhancedChaoticReinitMultiSwarmPSO,True,gaps/clusters,7.820697e-13,0.00020124768,3.0971248e-10,2.8270448e-09,0.99979866,ok
aa521839-c803-44f6-b305-b0c967d53561,HybridPSOSA,True,bounds,0.003921515,3.705269e-07,0.0030219003,0.98915136,0.003904805,ok
a542be04-3c35-4dad-bcf2-52394ba86508,HybridPSOSA,True,bounds,0.007550066,1.8852983e-06,0.011104181,0.978052,0.003291829,ok
35e80deb-ced8-4cf0-b716-94e83c0d4809,HybridPSOSA,True,bounds,0.009645633,1.2038813e-06,0.0037251501,0.976514,0.010114047,ok
c68bc87c-3351-4104-93cc-573b07972216,HybridPSOSA,False,unif,0.56871384,0.003414588,0.2340972,0.1330357,0.060738675,ok
7f65eff1-4c07-489d-b91b-31352f7f1654,EnhancedHybridPSOSA,True,bounds,4.314871e-06,1.3555349e-13,1.083082e-06,0.9977945,0.0021999993,ok
10642da7-15ae-4abe-8023-c163682f70ed,EnhancedHybridPSOSA,True,bounds,4.473147e-06,1.4377402e-13,1.2511049e-06,0.99777967,0.0022146576,ok
26b5456f-ae2c-45ce-8d74-b7e3b78356aa,EnhancedHybridPSOSA,True,bounds,3.017459e-06,1.2309178e-13,8.023238e-07,0.9981818,0.001814447,ok
7f05ad1a-aa8d-496a-b277-9b7a29a63c32,RefinedHybridPSOSA,True,bounds,5.5791594e-09,3.495728e-17,1.5321563e-09,0.9998182,0.00018179919,ok
50763132-1545-414e-955d-a9528e17a26b,EnhancedHybridPSOSA,True,bounds,1.1175273e-09,1.645377e-20,6.76381e-11,0.99981296,0.00018701852,ok
c3b5a1c1-b624-4cc4-816a-212f90dc5f53,GeneticHybridPSOSA,True,bounds,6.263756e-09,3.1108901999999997e-18,5.263455e-10,0.9997622,0.00023792025,ok
cf323f87-20e2-42f2-9dc8-2a344295d53c,EnhancedSwarmOptimizer,True,gaps/clusters,7.820697e-13,0.00020124768,3.0971248e-10,2.8270448e-09,0.99979866,ok
cd7a1185-d2c6-4142-86f5-68ad396ddd8d,GeneticHybridPSOSA,True,bounds,0.5359904,0.0038847555,0.20300277,0.20561472,0.051507372,ok
02a7256b-ae94-4ed4-b4f3-88f5146ea169,SynergisticSwarmOptimizer,True,gaps/clusters,7.820697e-13,0.00020124768,3.0971248e-10,2.8270448e-09,0.99979866,ok
bc412960-a4cd-43e1-9327-595159609887,AdaptiveSwarmOptimizer,True,centre,0.042766355,0.82361776,0.005184232,1.4330183e-07,0.12843151,ok
12ff99ab-ef97-4ed7-a587-344248193321,AdaptiveNeighborhoodSwarmOptimizer,True,centre,0.049786553,0.8459052,0.002366817,2.3078951e-07,0.10194119,ok
8de6179d-1648-4d45-a4a3-b6627c4a46d6,PSO_DE_Adaptive,True,disc,0.57907605,0.016424129,0.18293138,0.16443454,0.057133883,ok
4168e0fd-5a78-4fe1-80ce-f3bc25586980,Enhanced_Adaptive_Hybrid_PSO_DE,False,unif,0.77496,0.036055155,0.097538926,0.020641143,0.0708048,ok
32a24663-c5b6-4a74-a047-891c1d808541,Adaptive_Hybrid_PSO_DE,True,disc,0.4743815,0.0021332498,0.2673014,0.1938818,0.062302012,ok
0521e829-1563-4884-b9e6-7c402904a121,QuantumInspiredAdaptiveHybridPSO_DE,True,bounds,0.3899398,0.00078867294,0.061248444,0.49041033,0.05761274,ok
9781c394-7575-4ca1-bf41-573daad7bc95,EnhancedAdaptiveSwarmDE,True,gaps/clusters,0.0042187246,0.054027975,0.00015892922,5.727272e-09,0.9415943,ok
c67355ce-49c5-44d7-af3b-36de2c113117,EnhancedDynamicSwarmDE,True,centre,0.05959344,0.6981137,0.0038151697,1.2812894e-06,0.23847644,ok
7cf4f6b6-698a-44fd-97de-47eb6ecaf9d9,EnhancedDynamicSwarmDE,True,gaps/clusters,0.008040445,0.07844648,0.00033974572,9.054924e-09,0.9131733,ok
9f6a7e81-587d-494c-8952-5736c9444b03,EnhancedDynamicSwarmDE,True,gaps/clusters,0.008040445,0.07844648,0.00033974572,9.054924e-09,0.9131733,ok
bd273f06-0b3b-4cab-90e5-9e569e679946,EnhancedDynamicSwarmDE,True,gaps/clusters,0.008040445,0.07844648,0.00033974572,9.054924e-09,0.9131733,ok
b6cefc8a-513b-4f3b-9316-4b28fa5107f9,EnhancedDynamicSwarmDE,True,gaps/clusters,0.008040445,0.07844648,0.00033974572,9.054924e-09,0.9131733,ok
95fe113f-485a-4c0d-9646-94f08279c686,EnhancedDynamicSwarmDE,True,gaps/clusters,0.008040445,0.07844648,0.00033974572,9.054924e-09,0.9131733,ok
3b27db84-a76e-4988-b889-dd36f2ba7c13,EnhancedDynamicSwarmDE,True,gaps/clusters,0.008040445,0.07844648,0.00033974572,9.054924e-09,0.9131733,ok
8cb55bfa-114d-4e9b-b0ad-2f8061a044af,EnhancedDynamicSwarmDE,True,gaps/clusters,0.008040445,0.07844648,0.00033974572,9.054924e-09,0.9131733,ok
8db274ae-16c8-4405-a63a-2b66f30c90b8,EnhancedDynamicSwarmDE,True,gaps/clusters,0.008040445,0.07844648,0.00033974572,9.054924e-09,0.9131733,ok
20b28a98-592b-4848-b57c-720d31217b17,EnhancedDynamicSwarmDE,True,gaps/clusters,0.008040445,0.07844648,0.00033974572,9.054924e-09,0.9131733,ok
534d82d2-be8c-47d2-a768-0cf640e46ace,EnhancedDynamicSwarmDE,True,gaps/clusters,0.008040445,0.07844648,0.00033974572,9.054924e-09,0.9131733,ok
ef1da836-5ee2-4304-bae8-781c35d228bd,EnhancedDynamicSwarmDE,True,gaps/clusters,0.008040445,0.07844648,0.00033974572,9.054924e-09,0.9131733,ok
cfcf9594-f8a6-4a23-86a9-f0d8bfc9cc45,RefinedDynamicSwarmDE,True,gaps/clusters,0.008040445,0.07844648,0.00033974572,9.054924e-09,0.9131733,ok
eb36ab71-b217-4d6b-8c6d-bb8fcf3826f0,RefinedDynamicSwarmDE,True,gaps/clusters,0.008040445,0.07844648,0.00033974572,9.054924e-09,0.9131733,ok
8ddae709-bbff-4e02-ab23-b566efa145e3,EnhancedDynamicSwarmDE,True,gaps/clusters,0.12466589,0.00059015036,0.047098428,0.053136986,0.7745086,ok
7a4152f8-e4f5-4e3f-8a83-2ac1eb536e64,EnhancedSwarmSymbioticDE,True,gaps/clusters,0.008040445,0.07844648,0.00033974572,9.054924e-09,0.9131733,ok
7c66e47d-b220-4eb1-8ca8-958a09c4faf8,RefinedDynamicSwarmDE,True,gaps/clusters,0.008040445,0.07844648,0.00033974572,9.054924e-09,0.9131733,ok
e4ded0b2-6d4b-417d-8f1a-d0e61770e790,RefinedDynamicSwarmDE,True,gaps/clusters,0.008040445,0.07844648,0.00033974572,9.054924e-09,0.9131733,ok
5dd6b87d-5532-4751-a720-b80178e1b7b5,RefinedDynamicSwarmDE,True,gaps/clusters,0.008040445,0.07844648,0.00033974572,9.054924e-09,0.9131733,ok
3f77c708-bd2d-463f-a98f-a1de793f167b,EnhancedSwarmCoordinationDE,True,gaps/clusters,0.001487357,5.6511646e-11,0.00068753574,0.38663712,0.611188,ok
ab71ae57-4af6-480a-a30c-94099e2ec11c,RefinedDynamicSwarmDE,True,gaps/clusters,0.008040445,0.07844648,0.00033974572,9.054924e-09,0.9131733,ok
85c77ae6-d195-46b2-bede-54d1641b1dec,RefinedDynamicSwarmDE,True,gaps/clusters,0.008040445,0.07844648,0.00033974572,9.054924e-09,0.9131733,ok
d8133928-c349-4eba-a08f-55da02f98972,EnhancedMultiScaleSwarmDE,True,gaps/clusters,0.008040445,0.07844648,0.00033974572,9.054924e-09,0.9131733,ok
a3876eb6-9d53-41c3-ba36-1f24c382a7e3,RefinedDynamicSwarmDE,True,gaps/clusters,0.008040445,0.07844648,0.00033974572,9.054924e-09,0.9131733,ok
9a5f233c-6c51-40b7-9d99-945a4676bd0a,AdvancedAdaptiveSwarmDE,True,gaps/clusters,0.008040445,0.07844648,0.00033974572,9.054924e-09,0.9131733,ok
4fb3c8bb-a1df-44b9-8d24-cbe458253f66,RefinedDynamicSwarmDE,True,gaps/clusters,0.008040445,0.07844648,0.00033974572,9.054924e-09,0.9131733,ok
62d960cd-af20-412c-89ae-32f521e1bf54,RefinedDynamicSwarmDE,True,gaps/clusters,0.008040445,0.07844648,0.00033974572,9.054924e-09,0.9131733,ok
778caa0a-c1b9-4922-846d-ff884693e4e3,RefinedDynamicSwarmDE,True,gaps/clusters,0.008040445,0.07844648,0.00033974572,9.054924e-09,0.9131733,ok
463ed305-1970-4301-942b-d4cca31d54c1,RefinedDynamicSwarmDE,True,gaps/clusters,0.008040445,0.07844648,0.00033974572,9.054924e-09,0.9131733,ok
ead3032a-8f04-4294-9abe-f7fbd0b472ac,RefinedDynamicSwarmDE,True,gaps/clusters,0.008040445,0.07844648,0.00033974572,9.054924e-09,0.9131733,ok
87d1dacb-e927-438c-a2fd-9a9b2bc1ea5d,AdaptiveQuantumSwarmEvolution,True,gaps/clusters,0.008040445,0.07844648,0.00033974572,9.054924e-09,0.9131733,ok
7224e301-f386-443d-9027-504f58e3eadd,RefinedDynamicSwarmDE,True,gaps/clusters,0.008040445,0.07844648,0.00033974572,9.054924e-09,0.9131733,ok
21754c26-b08b-44db-9d46-278925a0cc2c,EnhancedAdversarialSwarmDE,True,gaps/clusters,0.008040445,0.07844648,0.00033974572,9.054924e-09,0.9131733,ok
2f25ea10-4750-4943-9ee3-55b31427fa73,ChaoticCoEvolutionarySwarmDE,True,gaps/clusters,0.14008166,0.0055140248,0.032495692,0.0039676507,0.8179409,ok
5503cece-cb19-40b6-b9a3-412fc06fc9c1,EnhancedAdversarialSwarmDE,True,gaps/clusters,0.008040445,0.07844648,0.00033974572,9.054924e-09,0.9131733,ok
0ef378b2-97db-4c79-a9b8-7a26da12a056,DynamicSwarmDE,True,gaps/clusters,0.12466589,0.00059015036,0.047098428,0.053136986,0.7745086,ok
74c16d88-16bc-4151-ace6-06e62c54b4d1,EnhancedAdversarialSwarmDE,True,gaps/clusters,0.008040445,0.07844648,0.00033974572,9.054924e-09,0.9131733,ok
5c5ff0b0-2602-4155-aea2-f3c281e77d1a,AdaptiveChaosSwarmDE,True,gaps/clusters,0.008040445,0.07844648,0.00033974572,9.054924e-09,0.9131733,ok
9cde036d-0a75-45b0-8d40-d7c6f0b647fb,EnhancedAdversarialSwarmDE,True,gaps/clusters,0.008040445,0.07844648,0.00033974572,9.054924e-09,0.9131733,ok
038aa540-600d-40eb-a7a9-b8619ab6fe27,EnhancedAdversarialSwarmDE,True,gaps/clusters,0.008040445,0.07844648,0.00033974572,9.054924e-09,0.9131733,ok
e7c644c7-6e78-4d87-b2a5-d0afc1f95a85,EnhancedAdversarialSwarmDE,True,gaps/clusters,0.008040445,0.07844648,0.00033974572,9.054924e-09,0.9131733,ok
0e1c98ec-439c-4fce-9d7a-5ea1f903d1c8,EnhancedAdversarialSwarmDE,True,gaps/clusters,0.008040445,0.07844648,0.00033974572,9.054924e-09,0.9131733,ok
262bfe0a-6ee4-4b1d-9a8f-bdd46ddec92d,CooperativeAdaptiveSwarmDE,True,gaps/clusters,0.008040445,0.07844648,0.00033974572,9.054924e-09,0.9131733,ok
f7aab1af-fafb-4a83-8e6e-a1235e593044,AdaptiveTurbulenceSwarmDE,True,gaps/clusters,0.008040445,0.07844648,0.00033974572,9.054924e-09,0.9131733,ok
30b2b962-9350-4864-a9d2-e3fbb429852b,EnhancedAdversarialSwarmDE,True,gaps/clusters,0.008040445,0.07844648,0.00033974572,9.054924e-09,0.9131733,ok
b07e6d12-07e1-4c85-a4fa-66dfeff70e1b,EnhancedAdversarialSwarmDE,True,gaps/clusters,0.008040445,0.07844648,0.00033974572,9.054924e-09,0.9131733,ok
57d2d0c3-63e0-4fba-bcbd-e8785a9074e8,EnhancedAdversarialSwarmDE,True,gaps/clusters,0.008040445,0.07844648,0.00033974572,9.054924e-09,0.9131733,ok
02b2f837-c4dd-4e25-ad13-b0f6abc3a088,HybridPSOSA,True,bounds,0.52437687,0.006685731,0.07303865,0.34828916,0.04760959,ok
02f84b82-ba5a-4c2d-b1ea-4a803cb30e61,HybridPSOSA,False,unif,0.71461946,0.005357095,0.16198026,0.066472575,0.051570613,ok
03774076-68dc-48e0-ab4c-87bdafe503a5,HybridPSODE,False,unif,0.6936308,0.12411903,0.07190256,0.008753509,0.10159411,ok
03efe0d8-2aa8-4408-9b28-e7dd2447a778,HybridPSOSA,False,unif,0.71868885,0.040913813,0.118581936,0.066690326,0.055125095,ok
0913934d-28ac-4a83-b0ae-4303f9c0346a,HybridPSODE,True,bounds,0.01923551,4.0465966e-07,0.044019498,0.91989946,0.016845156,ok
09de97ab-a8ea-4181-a0d3-ea6ae2b029b2,HybridPSODE,True,bounds,0.009753912,2.4460763e-07,0.004630762,0.9533447,0.0322703,ok
0a4d904d-e1d4-47be-b22b-ec11e7e682e1,HybridPSOSA,True,centre,0.571897,0.26781744,0.04359552,0.0010453027,0.115644775,ok
0c1ada55-6e1f-46c2-bd6a-835319a9bb5a,HybridPSOSA,False,unif,0.7541755,0.053334396,0.094523825,0.025295068,0.072671264,ok
19492e50-f98a-4b2e-8c22-589c9733f6bb,HybridPSODE,True,bounds,0.014359641,9.1157005e-07,0.005081009,0.946469,0.034089383,ok
199a4cf0-c68b-4524-b55c-8d7b55df9937,HybridPSODE,True,bounds,0.0008667448,3.834147e-09,0.00091632345,0.99439037,0.0038265102,ok
1baf5394-09e5-45e9-9225-4f864421c9d7,HybridPSODE,True,bounds,0.015057188,1.4706384e-06,0.016505037,0.9299116,0.038524665,ok
20fc0241-c4cd-4d55-95bd-5f8fc39fd84b,HybridPSOSA,False,unif,0.6631753,0.060129236,0.13330632,0.094424404,0.048964776,ok
2144da25-8b51-47da-ae7c-cdad3e59c452,HybridPSODE,True,centre,0.68647677,0.14454177,0.058326595,0.006887226,0.10376768,ok
2398ebe9-d16b-4538-bc4d-50e854d2d8b0,HybridPSODE,True,bounds,0.01923551,4.0465966e-07,0.044019498,0.91989946,0.016845156,ok
2438755f-d337-4a96-a67e-6b5d81358761,HybridPSOSA,False,unif,0.7004572,0.025350403,0.10389073,0.10763397,0.06266771,ok
270cdfaf-aab9-4344-b1f6-f1ed22f5348d,HybridPSOSA,True,bounds,0.61215264,0.013288753,0.12845913,0.19058213,0.055517413,ok
27a04f18-fa66-4dc2-856c-c331e8058f8f,HybridPSOSA,False,unif,0.7396381,0.008596544,0.16089602,0.047533013,0.043336354,ok
2c875bb4-ee92-40ba-b058-55aab9c8d176,HybridPSODE,False,unif,0.74670947,0.108206846,0.06060823,0.0069332733,0.07754217,ok
2c90adb2-4f1d-4e52-8290-583d94660d7e,HybridPSODE,True,bounds,0.01923551,4.0465966e-07,0.044019498,0.91989946,0.016845156,ok
2cd46ebc-d35c-4278-a7aa-7da52f4b4771,HybridPSOSA,False,unif,0.7090744,0.029000249,0.09921903,0.095000796,0.0677056,ok
2cf5206a-958e-4d04-939f-f06591a2fbba,HybridPSODE,False,unif,0.68410337,0.14136676,0.06692453,0.0071251877,0.10048014,ok
2e720dc3-7b32-46d3-940d-94bbc5a769ca,HybridPSOSA,True,disc,0.66172165,0.11015569,0.13177904,0.01733118,0.07901241,ok
3003bfaa-4a7e-42a9-8f0e-78d5a697f872,HybridPSODE,False,unif,0.71277606,0.11378781,0.06652848,0.0074287467,0.09947886,ok
317ef5e3-de4b-4f10-a422-a72f5f047bbd,HybridPSODE,False,unif,0.68220913,0.15023631,0.050361037,0.008903156,0.10829034,ok
32026e36-0393-43e1-91b8-ff82cfeccd27,HybridPSODE,True,centre,0.677815,0.16088282,0.05954502,0.010047923,0.09170921,ok
33cce2ff-2f25-49ca-ba74-0151707433b3,HybridPSODE,True,centre,0.68647677,0.14454177,0.058326595,0.006887226,0.10376768,ok
33f2151c-91f9-446a-b42c-4b1f6ef9e1b6,HybridPSODE,True,bounds,0.00994497,1.1344496e-06,0.013162255,0.9587692,0.018122356,ok
3557526d-6bcf-4cbf-80c0-b50a92e7ff00,HybridPSOSA,False,unif,0.7789873,0.0340247,0.08917021,0.042215038,0.055602808,ok
3867b618-a138-433f-824d-1f6d02a09cd4,HybridPSODE,True,bounds,0.018452987,6.1151593e-07,0.065634385,0.88534117,0.030570805,ok
3e6a6b6b-b134-46b8-9d15-dc99c5e55919,AdvancedMultiStrategyOptimizer,True,bounds,0.38962612,0.004400933,0.21867993,0.3084425,0.07885058,ok
3faf2541-d0c5-4abe-ba28-c486543adf91,HybridPSODE,True,bounds,0.009337324,1.2487577e-07,0.0063379733,0.96581954,0.018505093,ok
3ff3f407-2bc6-4be8-88c8-c48b317c685e,HybridPSOSA,False,unif,0.7498944,0.07884005,0.093927704,0.017547615,0.059790283,ok
408143cc-1db5-442c-be06-a66447f98cd9,HybridPSODE,True,bounds,0.01923551,4.0465966e-07,0.044019498,0.91989946,0.016845156,ok
41feac38-db01-4066-820f-3069270b0756,HybridPSODE,True,bounds,0.01923551,4.0465966e-07,0.044019498,0.91989946,0.016845156,ok
424101fd-f41a-45bf-8fa4-8caff54e3858,HybridPSOSA,False,unif,0.72935975,0.006228131,0.16733603,0.04993726,0.047138784,ok
4327906e-a39f-42eb-bf4c-e02d3c36a186,HybridPSODE,True,bounds,0.008585157,1.7647531e-07,0.0051575564,0.96322167,0.023035452,ok
436ad727-68a8-4d64-84e9-b2d4c3eb68cc,HybridPSOSA,True,centre,0.5905522,0.2711907,0.050986,0.00257353,0.08469756,ok
43ae116a-f413-4319-8297-20eb253de312,HybridPSODE,True,bounds,0.008585157,1.7647531e-07,0.0051575564,0.96322167,0.023035452,ok
4583617c-1a62-4a43-8e84-e87f89b74299,EnhancedAdaptiveSwarmGradientDescent,False,unif,0.7448621,0.056167997,0.13347033,0.021482214,0.044017386,ok
463c6e45-a9a3-4c8a-aefb-258ce318dd1b,HybridPSOSA,False,unif,0.6592158,0.14285234,0.094326265,0.0021091187,0.10149647,ok
4cab5dd3-ae25-4fe5-8040-ac90fca5ed16,HybridPSODE,True,bounds,0.01923551,4.0465966e-07,0.044019498,0.91989946,0.016845156,ok
4d1f1b87-c85c-4eef-a474-dca6542d5f07,HybridPSOSA,False,unif,0.7468858,0.022160554,0.10873984,0.066990666,0.05522313,ok
4d4bfa6e-7cd4-4cc0-a57d-4339b7784ac4,HybridPSOSA,False,unif,0.7468858,0.022160554,0.10873984,0.066990666,0.05522313,ok
4f2596aa-7bde-4827-abe5-f6d09c9ee372,HybridPSOSA,False,unif,0.7468858,0.022160554,0.10873984,0.066990666,0.05522313,ok
4f505fd0-e4b4-4ce4-822a-b49a81c6bb9f,HybridPSOSA,True,bounds,0.56870127,0.013915156,0.17972438,0.18259071,0.05506847,ok
47eae291-b056-4767-a97d-0738f3224165,HybridPSOSA,False,unif,0.7438217,0.06526712,0.0821358,0.028633993,0.08014151,ok
4853edb5-34e0-4f5c-9d24-53a324b5ed8e,HybridPSODE,True,bounds,0.008585157,1.7647531e-07,0.0051575564,0.96322167,0.023035452,ok
48dbf54e-07b1-4570-97fc-89aca276609b,HybridPSODE,True,bounds,0.01923551,4.0465966e-07,0.044019498,0.91989946,0.016845156,ok
4afd733d-dcb5-45e9-b841-a9db00f1831a,HybridPSODE,False,unif,0.68410337,0.14136676,0.06692453,0.0071251877,0.10048014,ok
4ca48b51-b436-4fe9-a41a-82cc16db247d,HybridPSODE,True,bounds,0.00828675,3.494165e-08,0.0046403683,0.9543276,0.032745287,ok
507e0262-db3f-4b42-9fd5-7d700d783b47,HybridPSODE,True,bounds,0.13465317,3.924572e-05,0.13879827,0.67185915,0.05465018,ok
51931a04-7c01-45ab-984a-607840c547b8,HybridPSODE,True,bounds,0.01923551,4.0465966e-07,0.044019498,0.91989946,0.016845156,ok
533af4ac-81fd-4930-9818-4359f0ca995c,HybridPSODE,True,bounds,0.01923551,4.0465966e-07,0.044019498,0.91989946,0.016845156,ok
54dfd726-3bf8-41e8-9501-7e70996c468e,HybridPSOSA,False,unif,0.7553271,0.0067140935,0.14384025,0.04948414,0.044634346,ok
5606d1d0-b76f-4f91-be9a-36f3a5498287,HybridPSODE,True,bounds,0.0066761645,8.970313e-08,0.00316241,0.9487382,0.04142309,ok
56fda1f3-e553-43e6-ad2c-1b747e2c7a9c,HybridPSODE,True,bounds,0.02528492,7.286741e-07,0.012628457,0.9235667,0.03851913,ok
573b3c67-9992-414f-868b-efd3031ebeb6,HybridPSODE,True,bounds,0.01923551,4.0465966e-07,0.044019498,0.91989946,0.016845156,ok
595aa6fe-e26b-4e30-be52-2ff1c34793c2,HybridPSOSA,False,unif,0.65813994,0.04998848,0.1184713,0.0979706,0.07542967,ok
5a511f0a-65e8-4c83-a08c-c4e7641daa84,HybridPSODE,False,unif,0.68410337,0.14136676,0.06692453,0.0071251877,0.10048014,ok
5b2ccab7-36cc-479b-bd8d-df48952f9575,HybridPSODE,False,unif,0.68220913,0.15023631,0.050361037,0.008903156,0.10829034,ok
5cbd0aa9-cf88-43b9-9acf-d3de97fb638f,HybridPSODE,True,bounds,0.01923551,4.0465966e-07,0.044019498,0.91989946,0.016845156,ok
5cde9a52-5f1e-4131-8c2a-8e4ab83a9743,HybridPSODE,True,bounds,0.01923551,4.0465966e-07,0.044019498,0.91989946,0.016845156,ok
5d022273-7618-42d3-97aa-f607c4802644,HybridPSODE,False,unif,0.68220913,0.15023631,0.050361037,0.008903156,0.10829034,ok
5d4b5201-f19e-4c31-add5-66c1a3aab368,HybridPSODE,True,bounds,0.00994497,1.1344496e-06,0.013162255,0.9587692,0.018122356,ok
5db95710-ab0b-41d1-91f6-25ec945d444c,HybridPSODE,True,bounds,0.008585157,1.7647531e-07,0.0051575564,0.96322167,0.023035452,ok
5dcc19b9-6f0e-4b29-a8e1-6f1edad0da29,HybridPSOSA,True,centre,0.5442172,0.2823792,0.050973047,0.0010450402,0.1213856,ok
60096af8-ec1d-421c-9fdb-7e55a4c463ed,HybridPSOSA,False,unif,0.7108032,0.017205542,0.08029933,0.12767394,0.064017996,ok
605864ce-1be6-427a-97d6-0bc52b49f27b,HybridPSODE,True,bounds,0.008585157,1.7647531e-07,0.0051575564,0.96322167,0.023035452,ok
60b78be9-7931-4be3-a42c-3f849fc09acd,HybridPSODE,True,bounds,0.00994497,1.1344496e-06,0.013162255,0.9587692,0.018122356,ok
62e499b9-2eb6-4504-b753-20b0c161b1fe,HybridPSOSA,False,unif,0.68302286,0.058799393,0.09882676,0.104472026,0.054879017,ok
62f6b34c-c538-4a8a-8431-2156cc9a3ab8,HybridPSODE,True,bounds,0.009844029,5.4261056e-07,0.004654758,0.96128845,0.024212198,ok
662024d5-6bad-476f-b080-724099be052d,HybridPSODE,True,bounds,0.008585157,1.7647531e-07,0.0051575564,0.96322167,0.023035452,ok
667563ac-c6c2-49d3-8dd1-430245f17a66,HybridPSOSA,True,bounds,0.6278221,0.010975697,0.13206044,0.15280887,0.0763328,ok
66bd6318-b9bb-4059-ab33-8f482a2a6b86,HybridPSOSA,True,bounds,0.52938735,0.004504901,0.07909776,0.34869555,0.038314484,ok
678a0ca4-31d2-449d-a745-bc7314944dcf,HybridPSOSA,False,unif,0.7573876,0.04359165,0.09565509,0.053296484,0.050069176,ok
67cadea9-d784-48f2-8ce7-1405fa7c9b25,HybridPSODE,False,unif,0.68220913,0.15023631,0.050361037,0.008903156,0.10829034,ok
6f637d28-7a64-4b67-95bb-170e396da988,HybridPSODE,True,bounds,0.008585157,1.7647531e-07,0.0051575564,0.96322167,0.023035452,ok
728c46ae-84d2-4bab-b183-9bea00c9537c,HybridPSODE,False,unif,0.672772,0.15407792,0.06208975,0.008507352,0.10255307,ok
79b1205d-acb5-4be2-a32e-5d10d96b6063,HybridPSODE,True,bounds,0.21770935,6.737931e-05,0.12578188,0.5901383,0.06630301,ok
79e0badc-07c8-4008-bef1-5a560f7e52f0,HybridPSODE,True,bounds,0.01923551,4.0465966e-07,0.044019498,0.91989946,0.016845156,ok
7bd69838-ebdd-44fa-9220-2b92ebd0fa34,HybridPSODE,True,bounds,0.00994497,1.1344496e-06,0.013162255,0.9587692,0.018122356,ok
7d29883f-bb3f-494c-8da7-340d1a729e7e,HybridPSODE,True,centre,0.68647677,0.14454177,0.058326595,0.006887226,0.10376768,ok
7dd2e999-dd10-4fc4-8432-5beea7cc3fb0,HybridPSOSA,False,unif,0.6783036,0.043120503,0.104746506,0.12352755,0.050301783,ok
8015a922-89f6-42ce-91d1-64782b6ca41e,HybridPSODE,True,bounds,0.01923551,4.0465966e-07,0.044019498,0.91989946,0.016845156,ok
80facfad-8844-457f-80a9-49c3533751f2,HybridPSODE,True,bounds,0.008585157,1.7647531e-07,0.0051575564,0.96322167,0.023035452,ok
83ddaccf-a9d0-4b26-8555-84b2ad30349d,HybridPSODE,True,bounds,0.00994497,1.1344496e-06,0.013162255,0.9587692,0.018122356,ok
85068cd1-8dbd-40d3-9336-a72daa873a18,HybridPSOSA,False,unif,0.7075478,0.04151088,0.10195122,0.09007159,0.058918566,ok
87ea08f7-ce55-47aa-bc31-212ae3d3e20e,HybridPSODE,True,bounds,0.008585157,1.7647531e-07,0.0051575564,0.96322167,0.023035452,ok
8938a0d8-45b8-4c0a-a7db-81981a18e4d6,HybridPSOSA,False,unif,0.76271933,0.073832005,0.09083656,0.018213155,0.054399002,ok
8e177f9b-ccc8-4905-bd50-85f5b53b6efc,HybridPSOSA,True,centre,0.35141256,0.4671596,0.031139841,0.00021151573,0.15007648,ok
8e7cf7ee-9d5d-45d6-9daf-ad3c6374b579,HybridPSODE,False,unif,0.68410337,0.14136676,0.06692453,0.0071251877,0.10048014,ok
91e1e3b0-c4cd-4305-9989-bc9e22282739,HybridPSODE,True,bounds,0.01923551,4.0465966e-07,0.044019498,0.91989946,0.016845156,ok
9212e5fd-2fcb-4b20-998e-e328b5450657,HybridPSODE,False,unif,0.68220913,0.15023631,0.050361037,0.008903156,0.10829034,ok
95cee3bd-2497-4c98-85f3-211c09c51ab3,HybridPSOSA,False,unif,0.7763986,0.019807428,0.10533704,0.029297441,0.06915949,ok
960f2b60-1896-4fa9-967d-2fb4b0fea1c0,HybridPSOSA,False,unif,0.7318665,0.04197108,0.1034354,0.071399935,0.05132709,ok
97a86a12-d276-4ccf-b4bd-789c827dfcc7,HybridPSODE,True,bounds,0.01923551,4.0465966e-07,0.044019498,0.91989946,0.016845156,ok
97bfe40e-29cf-4b0f-bec4-6029aa83593b,HybridPSODE,True,bounds,0.008585157,1.7647531e-07,0.0051575564,0.96322167,0.023035452,ok
98ad5e88-1c8d-4320-9b59-1dcf8f7f53e5,HybridPSOSA,False,unif,0.7313387,0.093315616,0.08886025,0.016413387,0.07007209,ok
98ec6017-e622-436b-9c18-75ec55b3aba4,HybridPSODE,False,unif,0.68220913,0.15023631,0.050361037,0.008903156,0.10829034,ok
99390eab-b5b3-4e1c-a151-012f0bad224d,HybridPSOSA,False,unif,0.76271933,0.073832005,0.09083656,0.018213155,0.054399002,ok
9a9dce04-8eb3-4204-8dd7-623018479e87,SwarmOptimizer,True,bounds,0.45489717,0.10649346,0.022640815,0.2431782,0.17279033,ok
9cd4292d-ac9e-448f-b0f8-beead890c5f4,HybridPSOSA,False,unif,0.7208645,0.0379074,0.105671145,0.0755643,0.059992664,ok
a0429983-e0ea-470f-a36c-966ab7f85e73,HybridPSODE,True,bounds,0.00994497,1.1344496e-06,0.013162255,0.9587692,0.018122356,ok
a220d292-9234-48a0-a98a-5dd8eadc7e98,HybridPSOSA,True,centre,0.35141256,0.4671596,0.031139841,0.00021151573,0.15007648,ok
a2a94e6f-4c73-4aa6-8889-c903bd731b36,HybridPSODE,True,bounds,0.01923551,4.0465966e-07,0.044019498,0.91989946,0.016845156,ok
a33eaefe-523a-4cca-85ea-268b82af3b79,HybridPSODE,True,bounds,0.01923551,4.0465966e-07,0.044019498,0.91989946,0.016845156,ok
a4372647-4f43-4e7d-ade0-c8a576fc6762,PSO_DE_Hybrid,True,bounds,0.4988187,0.07720544,0.026948651,0.24542367,0.15160362,ok
a7c30645-7eba-431f-b3eb-6fab21b37c82,HybridPSODE,True,bounds,0.0034421664,7.040218e-08,0.002032369,0.9850856,0.00943985,ok
a7d68d0b-9d19-48c9-bc21-5482775115cd,HybridPSOSA,True,gaps/clusters,0.019857159,0.076808885,0.0013265829,5.571648e-05,0.9019516,ok
a8f3b4e2-4c8a-4de1-9e16-e81e682d13f2,HybridPSOSA,False,unif,0.68356085,0.056330495,0.100227974,0.099651776,0.060228925,ok
ac211ea4-e635-4376-b9c7-050a4b1ff43a,HybridPSODE,True,bounds,0.01923551,4.0465966e-07,0.044019498,0.91989946,0.016845156,ok
af1a77e0-fedd-49dd-8ece-36b94336eac3,HybridPSODE,True,bounds,0.028036138,8.7505185e-07,0.02014277,0.9293729,0.022447312,ok
afd93406-8e46-4bb4-8f14-ff806fa81522,HybridOptimizer,True,bounds,5.0714867e-19,1.1112385e-36,7.738521e-21,0.9999653,3.4776484e-05,ok
b1c0b96c-6643-404f-ae8b-4b66d5320a06,HybridPSOSA,False,unif,0.68137586,0.040600263,0.11955271,0.09487814,0.06359312,ok
b6dc3cac-c4e2-419b-8b95-d822a858b3e5,HybridPSODE,False,unif,0.68220913,0.15023631,0.050361037,0.008903156,0.10829034,ok
b7dfc047-ed7b-47f1-866b-5c5f53c0a7f8,HybridPSOSA,False,unif,0.6631753,0.060129236,0.13330632,0.094424404,0.048964776,ok
b843d625-3ef5-41c0-992c-72262a81cc2a,HybridPSODE,False,unif,0.6751731,0.13718203,0.07072689,0.008689521,0.10822842,ok
ba171a47-71f8-449a-9ebb-faf36c484ee4,HybridPSOSA,True,bounds,0.3887613,0.01396739,0.11416505,0.42691463,0.056191616,ok
bae8bbb1-e223-401f-8c8b-577adb00e006,HybridPSOSA,False,unif,0.6910123,0.007695651,0.10284668,0.14351395,0.054931473,ok
bb65f752-c1ac-447d-8eca-2c628120bd86,HybridPSOSA,False,unif,0.7313387,0.093315616,0.08886025,0.016413387,0.07007209,ok
c595bca5-e120-4db2-8cf2-50c6a4dfc798,HybridPSODE,True,bounds,0.01923551,4.0465966e-07,0.044019498,0.91989946,0.016845156,ok
c816f589-ce80-47a2-b58a-ebef60693f11,HybridPSOSA,False,unif,0.71852666,0.018036172,0.07015917,0.11996744,0.07331057,ok
ca809a43-82d3-4ddb-9d7b-adddcbe45b33,HybridPSODE,True,bounds,0.01923551,4.0465966e-07,0.044019498,0.91989946,0.016845156,ok
cb1c8a4c-fd7f-4e5d-a198-80aaf4691d4e,HybridPSOSA,False,unif,0.6826886,0.013665359,0.08531149,0.13724214,0.08109242,ok
cceb96f0-f1a8-4f80-bbf4-a7966f0cbd2a,HybridPSODE,False,unif,0.6843604,0.14924541,0.06482438,0.006091832,0.09547794,ok
bd233598-de2f-420e-ba8f-6d0b7a6853da,HybridPSODE,True,bounds,0.01923551,4.0465966e-07,0.044019498,0.91989946,0.016845156,ok
be729fb3-4a74-4b75-8967-cdc5916d7517,HybridPSOSA,False,unif,0.6881477,0.048390977,0.10412154,0.09892042,0.060419254,ok
c0134e24-199d-4097-9bfa-73357e83fce3,HybridPSODE,True,bounds,0.00994497,1.1344496e-06,0.013162255,0.9587692,0.018122356,ok
c13b16cd-9bf2-415b-9efc-38145ec615c4,HybridOptimizer,True,bounds,5.0713544e-19,1.1111846e-36,7.7382286e-21,0.9999653,3.4776116e-05,ok
c4ab8a78-8fd8-45f4-9c5e-d5e9bd238ef6,HybridPSODE,True,bounds,0.01923551,4.0465966e-07,0.044019498,0.91989946,0.016845156,ok
cfff6283-738c-440f-bafa-c56fab394bcd,HybridPSOSA,False,unif,0.7049867,0.047588263,0.0856307,0.09842615,0.06336816,ok
d2afe666-8f81-4a0d-b099-80b580b9f9ef,HybridPSODE,True,bounds,0.009753912,2.4460763e-07,0.004630762,0.9533447,0.0322703,ok
d2cbc8c8-5e78-4b2f-ae44-c00463c3cbf9,HybridPSODE,True,bounds,0.0075709545,1.8689093e-07,0.011482245,0.9616701,0.01927649,ok
d30f9b0f-df19-41db-8a4e-99d486039e3f,HybridPSOSA,False,unif,0.6961168,0.025818279,0.14166269,0.07910804,0.057294108,ok
d5245942-7b3c-4cb3-b958-ff1b8271f561,HybridPSOSA,False,unif,0.75381386,0.06601679,0.103057966,0.019662779,0.057448637,ok
d9ab4fc9-6c63-41fe-a4ea-08fd2345e810,HybridPSOSA,False,unif,0.6826886,0.013665359,0.08531149,0.13724214,0.08109242,ok
da696acb-10f8-404b-a4b1-4837c232b0ad,HybridPSODE,True,bounds,0.00994497,1.1344496e-06,0.013162255,0.9587692,0.018122356,ok
db5d9ef4-d320-4d1f-8f3b-e5802875aa4e,HybridPSODE,True,bounds,0.00994497,1.1344496e-06,0.013162255,0.9587692,0.018122356,ok
dcca6b8b-39be-4059-bb91-17abea521b89,HybridPSOSA,True,centre,0.35141256,0.4671596,0.031139841,0.00021151573,0.15007648,ok
dee6d0e7-694a-4b9c-8220-d882eaf2060b,HybridPSOSA,False,unif,0.7086111,0.018525023,0.10943501,0.10770105,0.05572785,ok
e0d7ef6f-b854-4141-a4ae-543bce23a05b,HybridPSODE,True,bounds,0.023486754,1.656459e-07,0.030460194,0.93374413,0.012308814,ok
e2dd6719-ab29-4c1f-bf1d-37de95729fd5,HybridPSODE,False,unif,0.68410337,0.14136676,0.06692453,0.0071251877,0.10048014,ok
e36cd849-e0bc-4efa-b7c3-e44f586249b5,HybridOptimizer,True,bounds,5.0714867e-19,1.1112385e-36,7.738521e-21,0.9999653,3.4776484e-05,ok
e3d0e8ba-7c7c-446c-a771-133cd2858e8d,HybridPSODE,True,bounds,0.01923551,4.0465966e-07,0.044019498,0.91989946,0.016845156,ok
e6004bf1-410d-45fc-a807-84a91ddc85cb,HybridPSOSA,False,unif,0.6592158,0.14285234,0.094326265,0.0021091187,0.10149647,ok
e7a9d827-b288-4b1a-ac90-4d4cb518160c,HybridPSOSA,False,unif,0.6881477,0.048390977,0.10412154,0.09892042,0.060419254,ok
ea2ebe00-c20c-4932-a741-2101e7ca83dc,HybridPSODE,False,unif,0.7401253,0.1112329,0.05674106,0.012228582,0.0796721,ok
eeed778b-3b42-4ac7-ab19-71ae6ba0c62a,HybridPSOSA,False,unif,0.68177664,0.017092714,0.11761685,0.114658795,0.06885497,ok
eefb7790-8969-4996-b880-5fc6756a531b,HybridPSODE,True,bounds,0.01923551,4.0465966e-07,0.044019498,0.91989946,0.016845156,ok
eff70187-1bf2-4cdf-9511-27738788a383,HybridPSODE,True,bounds,0.01923551,4.0465966e-07,0.044019498,0.91989946,0.016845156,ok
fa1294ac-9055-40f6-9672-72e26ef0f8f8,HybridPSOSA,False,unif,0.6889423,0.045343284,0.110453464,0.091923326,0.06333758,ok
fe6f2cce-1085-493d-9bf4-71756ea1a29e,HybridPSODE,True,bounds,0.01923551,4.0465966e-07,0.044019498,0.91989946,0.016845156,ok
f293cc26-09c7-44f9-8d4c-1f4f05446d05,HybridPSOSA,False,unif,0.77037656,0.041039657,0.065181956,0.05060339,0.072798386,ok
f4748168-f4c5-4c2b-864d-18cb18e5144a,AdaptiveSwarmOptimizer,True,gaps/clusters,0.4324277,0.0015068308,0.08222763,0.13081647,0.35302138,ok
f5576381-3d4a-41fb-8f1a-26183e675d9a,HybridPSODE,True,bounds,0.00994497,1.1344496e-06,0.013162255,0.9587692,0.018122356,ok
f5bf1b8f-09b5-4304-b2da-f7585595a560,HybridPSOSA,False,unif,0.7209867,0.03295108,0.07591349,0.10089393,0.06925479,ok
f83b596e-559a-4503-878d-73e093775afc,HybridPSODE,True,bounds,0.009753912,2.4460763e-07,0.004630762,0.9533447,0.0322703,ok
